sample_id,num_forms,num_inputs,num_iframes,num_ext_links,num_ext_scripts,has_password_field,has_meta_redirect,script_content_ratio,favicon_mismatch,has_auto_submit,input_submit_ratio,num_unique_ext_domains
0,5,13,0,69,54,0,0,0.22546660652760367,1,0,3.25,14
1,1,1,0,312,2,0,0,0.034323755300536725,0,0,1.0,8
2,0,0,0,18,18,0,0,0.3829775517907498,1,0,0.0,9
3,5,18,0,483,0,0,0,0.016622405138971928,0,0,18.0,13
4,1,1,1,80,8,0,0,0.04778853075261937,1,0,1.0,21
5,0,1,0,19,0,0,0,0.0,0,0,1.0,5
6,0,0,0,1,1,0,0,0.0,0,0,0.0,2
7,2,5,0,178,9,0,0,0.12030399262807968,1,0,5.0,10
8,0,0,0,11,4,0,0,0.25740521871191757,1,0,0.0,7
9,0,0,1,11,6,0,0,0.27787003623580514,1,0,0.0,5
10,1,5,0,41,4,0,0,0.057002466361307645,0,0,5.0,5
11,1,2,1,62,0,0,0,0.20836779083955648,0,0,2.0,2
12,1,20,1,44,0,0,0,0.10953118481137089,0,0,20.0,2
13,1,1,2,140,41,0,0,0.3744666623963204,0,0,1.0,15
14,1,6,0,47,12,0,0,0.16219243494985372,0,0,2.0,1
15,1,13,0,374,0,0,0,0.014576625184927335,0,0,13.0,15
16,0,0,0,12,0,0,0,0.010399420529801324,0,0,0.0,2
17,3,10,3,80,3,0,0,0.19619060410571956,1,1,10.0,14
18,2,4,0,0,7,0,0,0.7021721260083875,0,0,4.0,2
19,1,2,1,44,0,0,0,0.16735548208191126,0,0,2.0,3
20,0,0,3,11,12,0,0,0.30921279448381533,1,0,0.0,7
21,1,1,3,8,9,0,0,0.08259315605201734,1,0,1.0,5
22,1,3,1,67,4,0,0,0.2328507841424352,1,0,3.0,12
23,2,4,4,152,6,0,0,0.0024357508574837203,1,0,4.0,3
24,2,24,3,19,30,0,0,0.05755806497663851,1,0,12.0,13
25,4,15,3,47,15,0,0,0.007259808464627742,1,0,3.75,18
26,2,27,2,168,9,0,0,0.010671630574279405,1,0,27.0,16
27,0,19,3,687,16,0,0,0.5271474000182037,0,0,19.0,19
28,0,0,0,8,82,0,0,0.7158532854335737,0,0,0.0,2
29,0,0,0,85,2,0,0,0.36940696699443554,1,0,0.0,3
30,1,1,3,80,41,0,0,0.024840387438560912,1,0,1.0,9
31,1,1,1,35,12,0,0,0.019460063005941698,0,0,1.0,13
32,1,3,1,39,12,0,0,0.04113092662421957,0,0,3.0,16
33,1,1,1,113,10,0,0,0.017763305008944543,1,0,1.0,19
34,0,0,0,0,1,0,0,0.0,0,0,0.0,1
35,1,4,1,0,5,0,0,0.04829747510668563,1,0,4.0,5
36,1,1,0,26,0,0,0,0.1251564032328971,0,0,1.0,5
37,7,16,0,144,12,0,0,0.024145616641901933,1,0,4.0,8
38,7,1237,5,1835,7,0,0,0.003950342108255608,0,0,1237.0,965
39,0,1,4,48,26,0,0,0.33162879106461,1,0,1.0,9
40,1,1,2,653,6,0,0,0.16441204112436988,1,0,1.0,69
41,0,1,4,48,27,0,0,0.33137874978689275,1,0,1.0,9
42,0,18,4,37,19,0,0,0.021479942771363916,0,0,18.0,16
43,0,0,2,32,94,0,0,0.20286800613306627,1,0,0.0,10
44,2,10,2,67,6,0,0,0.01757496306469401,1,0,5.0,9
45,0,17,2,416,10,0,0,0.031290065071724035,1,0,17.0,15
46,0,0,6,92,33,0,0,0.0689451900941318,1,0,0.0,21
47,3,10,3,46,3,0,0,0.21009616064817654,1,1,10.0,12
48,0,0,0,50,3,0,0,0.01912844197808373,0,0,0.0,14
49,3,34,7,315,23,0,0,0.45080392823479837,0,0,11.333333333333334,20
50,2,15,4,51,26,0,0,0.04726898515727884,1,0,7.5,17
51,1,3,0,9,15,0,0,0.39378507973088506,0,0,3.0,9
52,3,7,0,4,0,0,0,0.004948848854722923,0,0,1.4,3
53,1,2,0,39,14,0,0,0.040529330436500095,1,0,2.0,12
54,2,2,0,19,0,0,0,0.25271611601276517,1,0,1.0,2
55,2,10,1,40,49,0,0,0.40969215115591207,0,1,10.0,8
56,0,0,2,21,4,0,0,0.024175755394557717,0,0,0.0,5
57,1,8,3,33,16,0,0,0.05895523822336684,0,0,8.0,10
58,1,2,6,150,36,0,0,0.4901943264056095,0,0,2.0,33
59,1,9,0,7,0,0,0,0.0,0,0,9.0,2
60,1,3,3,95,19,0,0,0.40191521011528447,1,0,3.0,15
61,3,18,2,278,16,0,0,0.04785276437495737,1,0,6.0,12
62,3,10,1,86,3,0,0,0.017440807102194165,0,0,5.0,10
63,1,3,0,155,1,0,0,0.002653664706686722,1,0,3.0,10
64,0,1,2,101,10,0,0,0.03487326922441426,0,0,1.0,14
65,0,0,2,128,20,0,0,0.35441595856128505,0,0,0.0,27
66,2,3,2,57,5,0,0,0.0655196096474887,0,0,1.5,8
67,0,29,2,109,13,0,0,0.5794857893370393,1,0,29.0,30
68,2,10,2,69,6,0,0,0.06643630101446114,0,0,5.0,12
69,1,3,1,139,9,0,0,0.27296763785736744,1,0,3.0,10
70,0,0,1,55,17,0,0,0.06593321051402476,1,0,0.0,16
71,0,31,8,201,33,0,0,0.021811587746306434,1,0,31.0,23
72,2,5,0,178,9,0,0,0.12030369462093908,1,0,5.0,10
73,5,17,0,427,0,0,0,0.013584854515282341,0,0,17.0,13
74,2,13,3,30,37,0,0,0.2878931270827225,1,0,13.0,16
75,2,83,0,114,8,0,0,0.19610280901239924,1,0,83.0,9
76,0,9,3,27,10,0,0,0.12568618842742998,0,0,9.0,12
77,0,3,1,27,4,0,0,0.031158841344456626,1,0,3.0,8
78,2,7,4,256,46,0,0,0.03128351402745109,1,0,3.5,32
79,8,39,2,88,29,1,0,0.17129909762963352,1,0,5.571428571428571,17
80,0,0,1,16,11,0,0,0.3176041431719208,1,0,0.0,11
81,1,3,1,36,3,0,0,0.3332651286510819,0,0,3.0,13
82,0,0,1,55,17,0,0,0.06592398710765969,1,0,0.0,16
83,2,4,9,89,75,0,0,0.5595222011923955,0,0,2.0,27
84,3,18,2,33,14,0,0,0.026467217209862757,0,0,18.0,13
85,2,10,1,42,14,0,0,0.38189255706190506,0,0,3.3333333333333335,22
86,3,3,4,158,41,0,0,0.053973655067599983,1,0,1.0,7
87,0,0,8,150,13,0,0,0.0283734757261467,1,0,0.0,15
88,5,18,0,425,0,0,0,0.015300213586093042,0,0,18.0,14
89,27,31,4,227,8,0,0,0.006765110179711416,1,0,1.55,20
90,11,77,3,8,16,1,0,0.10588396858887127,1,0,9.625,12
91,0,2,0,191,36,0,0,0.1603698628390156,1,0,2.0,22
92,1,283,9,21,30,0,0,0.27018564428045594,0,0,283.0,24
93,3,25,2,40,20,0,0,0.2981763636257102,0,0,5.0,14
94,0,0,1,55,3,0,0,0.08016111069132388,0,0,0.0,19
95,2,16,4,93,21,0,0,0.033117505791702376,1,0,16.0,24
96,2,5,2,189,4,0,0,0.01954038711442446,0,0,5.0,16
97,4,7,7,139,9,0,0,0.7633707508766984,0,1,1.75,24
98,2,31,2,203,9,0,0,0.07012740785681784,0,0,31.0,16
99,0,2,2,241,33,0,0,0.0028042067026166928,1,0,2.0,24
100,1,1,1,104,16,0,0,0.0683752105010762,1,0,1.0,13
101,1,1,1,9,8,0,0,0.08303570493417263,0,0,1.0,14
102,5,21,0,61,29,1,0,0.05876353861965373,1,0,4.2,8
103,2,21,6,224,9,0,0,0.16424067455611624,0,0,21.0,13
104,1,1,4,123,0,0,0,0.0012387786906647839,0,0,1.0,1
105,1,1,3,56,9,0,0,0.08320023186433416,0,0,1.0,8
106,0,0,0,0,1,0,0,0.0,0,0,0.0,1
107,5,18,0,113,0,0,0,0.020853254226994033,0,0,18.0,14
108,1,2,0,10,2,0,0,0.00016880486158001352,0,0,2.0,6
109,2,2,4,174,9,0,0,0.0,1,0,2.0,13
110,0,29,5,286,56,0,0,0.22537243259732623,1,0,29.0,20
111,3,7,1,61,10,0,0,0.03426613699402943,0,0,2.3333333333333335,7
112,0,6,5,288,14,0,0,0.23405533476001222,1,0,6.0,11
113,0,0,1,6,84,0,0,0.08709977270846199,1,0,0.0,3
114,1,4,5,149,32,0,0,0.03920623267332157,0,0,4.0,21
115,1,28,4,208,32,0,0,0.2025617192014097,1,0,28.0,21
116,1,2,2,15,11,0,0,0.10000573317790051,0,0,2.0,11
117,2,16,4,93,27,0,0,0.0330565073858834,1,0,16.0,26
118,1,9,4,29,22,0,0,0.15714821986011776,1,0,9.0,17
119,1,26,6,264,22,0,0,0.03194611228573658,0,0,26.0,22
120,2,2,4,206,18,0,0,0.3498016213343531,1,0,1.0,5
121,1,2,3,115,2,0,0,0.06588135983424143,1,0,2.0,24
122,1,2,0,69,1,0,0,0.018125,0,0,2.0,15
123,3,10,1,8,15,0,0,0.06863231733281597,1,0,5.0,10
124,2,24,1,17,10,0,0,0.014425450328920933,0,0,8.0,15
125,2,6,7,124,22,0,0,0.06646467536182885,1,0,6.0,22
126,4,17,0,6,0,0,0,0.4871065253936674,0,1,17.0,1
127,1,3,0,49,0,0,0,0.0,0,0,1.5,1
128,1,2,0,57,1,0,0,0.019420289855072465,0,0,2.0,15
129,0,4,1,89,25,0,0,0.3539894836063951,0,0,2.0,18
130,1,2,2,37,13,0,0,0.06949516727920083,1,0,2.0,11
131,1,4,4,68,29,0,0,0.028879394057098464,0,0,4.0,21
132,0,0,0,42,3,0,0,0.0,1,0,0.0,12
133,2,7,9,382,104,0,0,0.7259137541986435,1,1,7.0,68
134,2,2,0,57,8,0,0,0.3996477364161466,0,0,2.0,12
135,5,34,3,104,18,0,0,0.028121071782997022,1,0,6.8,18
136,3,25,1,14,9,0,0,0.010101571876006205,0,0,8.333333333333334,15
137,4,32,8,1245,53,0,0,0.019067877032867515,0,0,8.0,36
138,2,16,1,401,24,0,0,0.08997220935618341,1,0,16.0,20
139,1,2,3,896,48,0,0,0.06137343501810397,1,0,2.0,24
140,1,1,0,80,5,0,0,0.015012637412832304,0,0,1.0,36
141,1,5,1,83,25,0,0,0.7028581018467848,1,0,1.6666666666666667,10
142,1,5,1,42,1,0,0,0.01860654815481548,0,0,5.0,5
143,1,25,4,265,17,0,0,0.027903140751278498,0,0,25.0,21
144,1,2,0,9,6,0,0,0.028843067422771807,1,0,2.0,3
145,1,2,2,27,5,0,0,0.05300259233714653,0,0,2.0,9
146,6,2,1,58,14,0,0,0.2994871794871795,1,0,0.5,9
147,1,4,1,200,4,0,0,0.08102394885411565,1,0,4.0,20
148,1,1,1,167,3,0,0,0.007958426958475656,0,0,1.0,10
149,0,0,0,30,26,0,0,0.256362610035547,1,0,0.0,6
150,4,33,2,62,10,0,0,0.01831857162941094,1,0,33.0,9
151,2,19,1,218,8,0,0,0.02031618422720141,0,0,19.0,21
152,5,2,0,60,4,0,0,0.4945841109525378,1,0,2.0,11
153,4,8,2,241,29,0,0,0.11088018519662571,1,0,2.0,15
154,1,25,9,88,24,0,0,0.08309581288434058,1,0,25.0,24
155,0,1,3,13,9,0,0,0.5920010799401124,1,0,1.0,8
156,0,0,2,62,13,0,0,0.2167242565856084,0,0,0.0,12
157,3,7,0,29,4,0,0,0.08666455606588257,1,0,2.3333333333333335,14
158,1,1,1,238,5,0,0,0.63606565471241,1,0,1.0,10
159,1,3,0,6,92,0,0,0.005170274369226527,0,0,3.0,2
160,0,1,1,177,12,0,0,0.01011710078123676,1,0,1.0,11
161,0,0,1,58,0,0,0,0.042508327476087154,0,0,0.0,23
162,5,18,0,135,0,0,0,0.01781365986892653,0,0,18.0,13
163,1,3,0,6,2,0,0,0.8983551588635993,0,1,3.0,3
164,3,36,10,166,59,0,0,0.13683914183351809,1,0,12.0,41
165,3,26,2,45,20,0,0,0.35198663530485835,0,0,3.7142857142857144,13
166,0,0,3,11,7,0,0,0.042601021830004644,0,0,0.0,8
167,1,5,7,238,26,0,0,0.1774587692947962,0,0,5.0,37
168,2,11,2,80,10,0,0,0.06948832134383841,1,0,5.5,15
169,1,1,5,172,8,0,0,0.7347732437146227,1,1,1.0,12
170,0,0,2,121,11,0,0,0.22407203330534564,0,0,0.0,11
171,1,16,4,10,9,0,0,0.5809148985144125,0,0,16.0,12
172,2,3,2,62,10,0,0,0.0013539100215802379,1,0,3.0,9
173,1,10,2,3,5,0,0,0.005842598836219804,1,0,10.0,5
174,0,0,3,56,13,0,0,0.3166076803492872,1,0,0.0,6
175,2,2,4,102,20,0,0,0.02840655393993516,0,0,1.0,18
176,2,6,0,74,6,0,0,0.06292029313612048,1,0,3.0,18
177,0,2,0,1138,19,0,0,0.05456296614555197,1,0,2.0,7
178,2,6,0,585,5,0,0,0.11577037532079389,0,0,6.0,8
179,2,8,5,205,21,0,0,0.10121811585206031,0,0,8.0,20
180,0,0,1,22,54,0,0,0.894832386230139,0,0,0.0,14
181,0,4,4,36,6,0,0,0.019901796055529275,1,0,4.0,8
182,2,6,1,21,3,0,0,0.030628608082103912,0,0,1.5,14
183,4,7,10,37,20,0,0,0.056630784812756456,0,0,1.4,22
184,0,0,6,92,33,0,0,0.06894305109144835,1,0,0.0,21
185,1,1,2,23,3,0,0,0.31550894786188904,0,0,1.0,9
186,2,26,5,29,19,0,0,0.24374645680325624,0,0,13.0,19
187,3,5,1,183,23,0,0,0.017860217474802327,0,0,1.6666666666666667,17
188,2,2,0,13,3,0,0,0.0,0,0,2.0,4
189,1,3,0,201,0,0,0,0.022840953762318525,0,0,3.0,13
190,0,0,0,35,2,0,0,0.027145975215581503,0,0,0.0,12
191,2,2,1,146,21,0,0,0.035973305585329025,0,0,2.0,22
192,1,10,2,328,15,0,0,0.06468915778255792,1,0,10.0,15
193,0,1,0,581,44,0,0,0.16832679995913008,1,0,1.0,19
194,1,23,4,91,24,0,0,0.14935949820476932,1,0,23.0,23
195,2,2,3,22,10,0,0,0.07308892719057157,0,0,1.0,14
196,2,8,4,92,17,0,0,0.7848069008575106,0,0,8.0,24
197,0,7,2,251,14,0,1,0.029150341750793604,1,0,7.0,18
198,3,4,11,119,34,0,0,0.39715765877756287,0,0,4.0,31
199,1,5,1,52,7,0,0,0.11880891505901191,1,0,5.0,12
200,1,1,2,11,80,0,0,0.5505189728510772,1,0,1.0,8
201,0,1,12,6,38,0,0,0.3056148103001676,1,0,1.0,16
202,1,4,1,38,4,0,0,0.27903070769294375,0,1,2.0,7
203,1,2,6,4,66,0,0,0.3166454033043404,1,0,2.0,12
204,0,1,0,1,2,0,1,0.09804456619359352,0,0,1.0,3
205,3,25,23,25,43,0,0,0.431177153950609,0,0,8.333333333333334,38
206,1,1,0,18,15,0,0,0.20069804100842883,1,0,1.0,18
207,0,0,3,9,401,0,0,0.25412660396376535,1,0,0.0,9
208,1,8,1,19,20,0,0,0.6490006508832384,0,1,8.0,14
209,1,3,0,0,17,1,1,0.6445389260822202,1,0,3.0,1
210,2,8,0,10,6,0,0,0.10324652658412621,1,0,8.0,11
211,2,2,18,76,54,0,0,0.32943821110359944,1,0,2.0,99
212,5,13,0,13,63,0,0,0.22423227418402272,1,0,3.25,12
213,1,8,0,2,1,0,0,0.3624513475802306,1,1,2.0,3
214,0,0,0,0,0,0,0,0.0,0,0,0.0,0
215,1,13,0,91,4,0,0,0.7491055674503267,0,1,13.0,33
216,0,0,0,0,0,0,0,0.0,0,0,0.0,0
217,0,0,1,0,0,0,0,0.6819692126514132,0,0,0.0,0
218,1,3,0,5,23,1,0,0.6840971920034812,1,0,3.0,5
219,2,4,6,6,5,0,0,0.0027203013256853065,1,0,4.0,2
220,1,1,1,272,26,0,0,0.10432580409305545,0,0,1.0,8
221,0,1,0,2,2,0,1,0.15874059027362886,0,0,1.0,2
222,1,1,3,12,18,0,0,0.14623333677792705,0,0,1.0,13
223,0,0,0,0,0,0,0,0.0,0,0,0.0,0
224,2,9,5,4,7,0,0,0.42564836811714474,1,0,4.5,5
225,0,19,14,21,19,0,0,0.6565610386653791,0,0,19.0,19
226,0,0,0,191,14,0,0,0.16035222532045046,1,0,0.0,10
227,0,0,1,5,15,0,0,0.23006518608352913,1,0,0.0,3
228,1,3,4,2,65,1,0,0.2851586661508569,1,0,3.0,6
229,0,1,0,2,1,0,1,0.16084172003659652,0,0,1.0,1
230,0,0,0,1,0,0,0,0.0,0,0,0.0,1
231,0,0,0,0,0,0,0,0.0,0,0,0.0,0
232,0,0,0,1,0,0,1,0.0,0,0,0.0,1
233,1,2,0,9,4,0,0,0.038115283255805724,1,0,2.0,4
234,1,16,3,6,24,0,0,0.008907655849968303,1,0,16.0,17
235,0,1,0,2,1,0,1,0.1662008627498633,0,0,1.0,1
236,0,0,0,1,0,0,0,0.010214971794480866,0,0,0.0,1
237,1,3,5,0,3,0,0,0.5366697240056699,0,0,3.0,3
238,0,0,1,25,5,0,0,0.6581966935377052,1,0,0.0,5
239,0,1,0,2,1,0,1,0.16989865375888671,0,0,1.0,1
240,0,0,0,0,0,0,0,0.0,0,0,0.0,0
241,0,0,0,27,9,0,1,0.2383196092949509,1,0,0.0,7
242,1,4,0,20,0,0,0,0.016338647094572483,0,0,4.0,14
243,1,2,1,14,13,0,0,0.12023605549163154,1,0,2.0,15
244,1,1,2,11,79,0,0,0.5507821253660676,1,0,1.0,8
245,2,10,1,22,15,0,0,0.38444074126727756,0,0,3.3333333333333335,21
246,1,2,1,1,0,0,0,0.11759794694213298,0,0,2.0,1
247,8,17,4,30,27,1,0,0.06133033077530742,0,0,2.125,20
248,0,1,12,6,38,0,0,0.3025395136202667,1,0,1.0,16
249,0,0,1,3,1,0,0,0.022665210267613325,0,0,0.0,2
250,0,0,1,0,7,0,0,0.16421650517875042,0,0,0.0,3
251,1,2,0,4,53,0,0,0.4342762128787968,1,0,2.0,6
252,0,0,3,6,4,0,0,0.4051618690369404,0,0,0.0,5
253,0,1,0,1,2,0,1,0.09788896043158796,0,0,1.0,3
254,2,5,0,18,1,1,0,0.6690471105974768,0,0,5.0,14
255,0,0,0,0,0,0,0,0.0,0,0,0.0,0
256,3,26,23,25,43,0,0,0.448746551859323,0,0,8.666666666666666,38
257,0,1,0,2,1,0,1,0.16570600838941366,0,0,1.0,1
258,0,0,0,0,0,0,0,0.0,0,0,0.0,0
259,0,0,0,0,0,0,0,0.0,0,0,0.0,0
260,0,0,0,0,0,0,0,0.0,0,0,0.0,0
261,0,0,3,9,405,0,0,0.25218235221624286,1,0,0.0,9
262,1,8,5,19,29,0,0,0.6439472565680595,0,1,8.0,15
263,6,150,3,22,26,0,0,0.06692657569850552,1,0,18.75,22
264,0,1,0,0,1,0,1,0.37516946129147344,0,0,1.0,1
265,0,0,1,0,1,0,0,0.2782312925170068,0,0,0.0,1
266,0,0,1,0,10,0,0,0.3394433129667346,0,0,0.0,1
267,1,3,0,0,17,1,1,0.642415165227104,1,0,3.0,1
268,0,1,0,2,1,0,1,0.16686209073689906,0,0,1.0,1
269,2,8,0,10,6,0,0,0.10112810873109426,1,0,8.0,11
270,2,2,24,76,55,0,0,0.3289295206083473,1,0,2.0,99
271,5,13,0,13,53,0,0,0.22443484218637608,1,0,3.25,12
272,1,14,4,5,24,0,0,0.033205795060390425,0,0,14.0,19
273,0,0,1,9,2,0,0,0.39945996945885737,1,0,0.0,8
274,1,8,0,2,1,0,0,0.3627338083287837,1,1,2.0,3
275,1,1,1,13,10,0,0,0.03931952492971484,0,0,1.0,18
276,0,0,0,0,0,0,0,0.0,0,0,0.0,0
277,0,0,8,30,90,0,0,0.34525417927655283,0,0,0.0,45
278,2,6,4,8,43,0,0,0.20186462399770663,0,0,6.0,17
279,0,11,3,11,4,0,0,0.03274326199995857,0,0,11.0,11
280,2,5,0,8,3,0,0,0.1119938355305207,0,0,5.0,9
281,0,0,4,11,14,0,0,0.6541778962008936,1,0,0.0,12
282,1,8,10,3,63,0,0,0.04101843486645752,0,0,8.0,27
283,1,13,0,91,4,0,0,0.7711423214376583,0,1,13.0,33
284,1,1,0,17,9,0,0,0.11627683553190703,0,0,1.0,16
285,0,3,0,27,3,0,0,0.0010518643258391666,0,0,3.0,17
286,0,0,0,0,0,0,0,0.0,0,0,0.0,0
287,0,0,0,0,0,0,0,0.0,0,0,0.0,0
288,1,3,0,5,23,1,0,0.6835514239094409,1,0,3.0,5
289,2,15,2,10,8,0,0,0.6227505199022786,0,0,7.5,11
290,1,13,3,14,12,0,0,0.027839915318362437,0,0,6.5,15
291,2,4,6,6,5,0,0,0.0027127548577951808,1,0,4.0,2
292,0,0,0,0,0,0,0,0.0,0,0,0.0,0
293,1,15,8,33,96,0,0,0.4823458770522699,0,0,15.0,47
294,0,0,0,0,0,0,0,0.0,0,0,0.0,0
295,0,1,0,2,2,0,1,0.15831800106831265,0,0,1.0,2
296,1,1,3,12,18,0,0,0.14608275545255356,0,0,1.0,13
297,1,1,1,16,1,0,0,0.006681819963161814,0,0,1.0,7
298,1,8,9,117,16,0,0,0.035928884210125786,0,0,8.0,37
299,2,2,1,5,9,0,0,0.021907743009478273,0,0,1.0,10
300,0,0,8,38,46,0,0,0.27839416324479427,0,0,0.0,30
301,2,9,4,4,7,0,0,0.4259371386843547,1,0,4.5,5
302,0,11,1,15,5,0,0,0.09402377890891496,0,0,11.0,13
303,0,19,14,21,25,0,0,0.5322274251480639,0,0,19.0,19
304,0,0,0,0,0,0,0,0.0,0,0,0.0,0
305,1,4,1,36,4,0,0,0.0766049753830655,0,0,4.0,19
306,0,0,1,5,15,0,0,0.23087452905221065,1,0,0.0,3
307,0,15,4,15,11,0,0,0.017235650181945426,0,0,15.0,17
308,1,2,0,14,1,0,0,0.01859351314141762,0,0,2.0,13
309,0,1,0,2,1,0,1,0.15876532718222655,0,0,1.0,1
310,0,0,0,1,0,0,0,0.0,0,0,0.0,1
311,0,0,1,0,1,0,0,0.2731607629427793,0,0,0.0,1
312,0,11,19,50,43,1,0,0.12350551814212252,0,0,11.0,40
313,7,107,10,15,52,0,0,0.17863341099792113,0,0,53.5,27
314,0,0,0,0,0,0,0,0.0,0,0,0.0,0
315,1,17,3,6,20,0,0,0.007981550283279213,1,0,17.0,17
316,0,1,0,2,1,0,1,0.16463727830316946,0,0,1.0,1
317,1,3,2,15,10,0,0,0.3834454820104367,0,0,3.0,14
318,4,32,0,35,22,0,0,0.023827906291439518,0,0,16.0,3
319,3,5,8,1,80,0,0,0.4044875027011453,1,0,5.0,9
320,0,0,0,0,0,0,0,0.0,0,0,0.0,0
321,2,10,2,13,4,0,0,0.014964122727950205,1,0,5.0,11
322,1,1,7,12,40,0,0,0.46847065733966997,0,0,1.0,38
323,0,0,1,0,1,0,0,0.27168021680216803,0,0,0.0,1
324,0,3,4,0,3,0,0,0.5381589980434696,0,0,3.0,3
325,0,0,1,25,5,0,0,0.6575771508271284,1,0,0.0,5
326,1,16,0,21,12,0,0,0.40609137055837563,0,0,16.0,14
327,0,0,0,0,0,0,0,0.0,0,0,0.0,0
328,2,4,1,4,12,0,0,0.13986244948709978,0,0,2.0,6
329,2,9,2,99,16,0,0,0.002292079591633356,0,0,4.5,11
330,1,3,1,2,91,0,0,0.6595095293637026,0,0,3.0,5
331,2,4,1,25,5,0,0,0.05078766847832332,0,0,2.0,19
332,0,18,4,10,18,0,0,0.020120394591698447,0,0,18.0,15
333,1,4,0,20,0,0,0,0.016338647094572483,0,0,4.0,14
334,1,1,4,57,29,0,0,0.5601938001789974,0,0,1.0,14
335,6,2,1,5,6,0,0,0.29192431852366585,0,0,0.5,9
336,1,2,2,1,2,0,0,0.7253700884941876,0,0,2.0,3
337,0,17,8,275,35,0,0,0.040548057312012886,1,0,17.0,32
338,2,5,25,28,21,0,0,0.5401525939131809,1,0,5.0,19
339,0,17,7,275,35,0,0,0.056749579574299255,1,0,17.0,32
340,0,5,0,19,0,0,0,0.0,0,0,5.0,6
341,1,3,0,3,2,1,0,0.009466582841667473,1,0,3.0,5
342,0,2,0,0,0,0,0,0.0,0,0,2.0,0
343,0,4,0,16,1,0,0,0.08568683664755398,0,0,4.0,6
344,0,2,1,21,7,0,0,0.03134851691569005,0,0,2.0,18
345,0,3,1,15,0,0,0,0.0,0,0,3.0,5
346,1,16,0,38,0,1,0,0.0,1,0,16.0,2
347,0,3,0,0,1,1,0,0.09579081632653061,0,0,3.0,1
348,1,3,0,3,2,1,0,0.009466582841667473,1,0,3.0,5
349,0,2,0,2,1,0,0,0.1621683571142055,0,0,2.0,3
350,0,4,0,19,1,0,0,0.0,0,0,4.0,6
351,0,2,1,29,7,0,0,0.030469757445501996,0,0,2.0,18
352,0,4,0,2,0,0,0,0.0,0,0,4.0,1
353,1,23,0,0,0,1,0,0.0,1,0,23.0,0
354,0,0,0,0,0,0,0,0.0,0,0,0.0,0
355,1,2,0,0,1,1,0,0.10626808100289296,0,0,2.0,1
356,0,3,0,0,1,1,0,0.09571392125180712,0,0,3.0,1
357,0,0,0,0,0,0,0,0.0,0,0,0.0,0
358,3,14,0,0,2,0,0,0.125974065974682,0,0,14.0,2
359,0,0,1,0,0,0,0,0.12906860290435654,0,0,0.0,0
360,0,0,1,7,3,0,0,0.12299018584255586,0,0,0.0,2
361,1,2,0,12,0,0,0,0.1640031961646025,1,0,2.0,3
362,1,8,1,0,9,0,0,0.29273530876494025,0,0,8.0,3
363,0,1,0,0,0,0,0,0.0,0,0,1.0,0
364,0,1,0,0,0,0,0,0.0,0,0,1.0,0
365,4,10,5,32,3,0,0,0.0825610748161256,0,0,2.5,16
366,0,6,0,1,1,0,0,0.07254900200228062,0,0,6.0,2
367,1,2,0,0,0,0,0,0.0,0,0,2.0,0
368,1,4,0,0,0,0,0,0.04357202909675768,0,0,4.0,0
369,0,0,0,4,2,0,0,0.0,0,0,0.0,2
370,2,6,0,7,0,0,0,0.11137456151747434,0,0,3.0,4
371,0,0,0,10,1,0,0,0.0,0,0,0.0,2
372,9,43,4,34,36,0,0,0.5721994673523739,1,0,43.0,11
373,0,2,1,2,2,0,0,0.05736771430028386,0,0,2.0,2
374,0,0,0,8,2,0,0,0.01979448350459708,0,0,0.0,6
375,11,65,9,88,22,1,0,0.12026411622744984,0,0,9.285714285714286,37
376,0,0,0,0,0,0,0,0.0,0,0,0.0,0
377,1,2,0,6,0,0,0,0.11770428015564202,1,0,2.0,3
378,1,2,0,6,0,0,0,0.11393596986817325,0,0,2.0,3
379,1,2,1,56,10,0,0,0.022728462263163406,0,0,2.0,17
380,1,2,0,3,0,0,0,0.0,0,0,2.0,3
381,0,0,0,13,1,0,0,0.0,0,0,0.0,10
382,1,2,0,3,22,0,0,0.6358993292720448,1,0,2.0,4
383,1,1,0,10,2,0,0,0.08425158607291382,0,0,1.0,11
384,1,15,4,16,0,0,0,0.0,1,0,15.0,9
385,1,6,0,0,3,1,1,0.29995896594173166,0,0,6.0,1
386,0,4,0,0,1,1,0,0.13822946381085915,0,0,4.0,1
387,0,2,1,2,2,0,0,0.04475118342018378,0,0,2.0,2
388,1,11,0,3,0,1,0,0.0,0,0,5.5,1
389,2,0,0,0,0,0,0,0.1378980731498717,1,0,0.0,0
390,0,0,3,6,19,0,0,0.5632123767324919,1,0,0.0,6
391,0,0,0,1,2,0,0,0.03169877408056042,1,0,0.0,3
392,0,0,0,0,2,0,0,0.03126619450682329,1,0,0.0,2
393,0,0,0,1,2,0,0,0.03553199842952493,1,0,0.0,3
394,0,0,0,1,2,0,0,0.08410780669144981,1,0,0.0,3
395,2,2,2,56,34,0,0,0.0611890973601667,0,0,2.0,7
396,0,2,0,0,0,0,0,0.0,0,0,2.0,0
397,0,2,0,0,0,0,0,0.0,0,0,2.0,0
398,2,8,0,0,0,0,0,0.0,0,0,4.0,0
399,3,9,3,23,0,1,0,0.01855435750929254,1,0,4.5,11
400,1,1,0,1,20,0,0,0.5308963489589273,1,0,1.0,3
401,0,0,0,4,3,0,0,0.0198822820596005,0,0,0.0,4
402,1,1,1,3,6,0,0,0.1577243746934772,0,1,1.0,7
403,1,1,1,3,6,0,0,0.1579102425611313,0,1,1.0,7
404,0,0,0,60,0,0,0,0.0,0,0,0.0,1
405,4,4,4,8,9,0,0,0.3027632486672938,0,0,1.3333333333333333,6
406,0,0,0,0,4,0,0,0.16426518113807204,0,0,0.0,4
407,3,5,0,13,2,1,0,0.01717490361023484,0,0,5.0,3
408,0,0,0,0,0,0,0,0.00012256403971074888,0,0,0.0,0
409,0,0,0,9,2,0,0,0.5115986333393274,0,0,0.0,9
410,0,0,0,10,1,0,0,0.0,0,0,0.0,2
411,0,0,0,2,0,0,0,0.14711439367914805,0,0,0.0,2
412,0,0,1,7,3,0,0,0.12455958549222798,0,0,0.0,2
413,0,0,1,7,3,0,0,0.12455958549222798,0,0,0.0,2
414,0,0,1,7,3,0,0,0.12455958549222798,0,0,0.0,2
415,0,1,0,0,0,0,0,0.0,0,0,1.0,0
416,4,55,0,19,6,1,0,0.022348816827344433,1,0,27.5,5
417,1,3,0,0,1,0,0,0.001371650329530628,0,0,3.0,1
418,1,3,0,0,1,0,0,0.001371650329530628,0,0,3.0,1
419,1,3,0,0,1,0,0,0.001371650329530628,0,0,3.0,1
420,1,2,0,1,18,0,0,0.40772045123479794,1,0,2.0,3
421,0,0,2,9,0,0,0,0.19433442975095658,0,0,0.0,5
422,2,2,0,5,0,0,0,0.25667486473192325,0,0,1.0,4
423,2,15,3,10,16,0,0,0.22527932960893854,1,1,7.5,13
424,1,6,0,49,2,0,0,0.0,0,0,6.0,16
425,1,2,0,13,3,0,0,0.05645028307590832,1,0,2.0,3
426,1,3,0,1,1,0,0,0.0,0,0,3.0,2
427,0,0,0,0,1,0,0,0.0,0,0,0.0,1
428,1,4,1,5,6,0,0,0.02243279829820151,0,0,4.0,8
429,1,2,0,1,0,0,0,0.0,0,0,2.0,1
430,0,1,0,0,0,0,0,0.0,0,0,1.0,0
431,0,2,0,0,0,0,0,0.0,0,0,0.6666666666666666,0
432,2,4,0,16,1,0,0,0.10263282358505439,0,0,2.0,7
433,0,0,1,1,2,0,0,0.04366468604464429,0,0,0.0,3
434,2,2,0,3,9,0,0,0.16901061954159663,1,0,2.0,3
435,0,0,0,25,0,0,0,0.05910543130990415,0,0,0.0,18
436,1,3,0,4,1,0,0,0.12227464613856469,0,0,3.0,5
437,2,2,0,3,9,0,0,0.18377288078450066,1,0,2.0,3
438,1,4,0,1,3,0,0,0.054224086279209105,1,0,4.0,4
439,0,0,0,1,1,0,0,0.3817529978983805,0,0,0.0,2
440,2,7,1,2,3,1,0,0.09211962453612749,0,1,7.0,1
441,2,2,0,0,1,0,0,0.0,0,0,1.0,1
442,1,11,2,2,2,0,0,0.11115655161132014,0,0,11.0,4
443,0,1,4,2,34,0,0,0.21607429488649393,1,0,1.0,6
444,2,11,7,8,9,0,0,0.06252865377339595,0,0,3.6666666666666665,5
445,1,3,0,0,0,1,0,0.0,0,0,3.0,0
446,1,9,0,0,1,1,0,0.5694463412635546,0,0,9.0,1
447,1,2,0,1,19,0,0,0.5591250946867222,1,0,2.0,3
448,1,2,0,1,19,1,0,0.5584669560669108,1,0,2.0,3
449,0,2,0,0,0,1,0,0.0,0,0,2.0,0
450,1,8,0,7,6,0,0,0.08584605505122742,0,1,4.0,11
451,0,0,0,14,13,0,0,0.03892187789942476,1,0,0.0,4
452,1,5,0,8,0,0,0,0.07273562560036276,0,0,5.0,7
453,1,2,0,1,2,1,0,0.012513850119122913,0,0,2.0,3
454,0,0,0,0,14,0,0,0.08813298687824513,0,0,0.0,2
455,0,1,0,4,4,0,0,0.26455377900080657,0,0,1.0,7
456,6,9,2,8,6,0,0,0.05887448329210414,0,0,9.0,5
457,1,2,2,0,2,0,0,0.42285139700150265,0,0,2.0,2
458,1,5,0,8,0,1,0,0.13572221341366736,0,0,5.0,3
459,0,0,1,0,1,0,0,0.019159335288367548,0,0,0.0,1
460,0,0,2,20,1,0,0,0.10601467772814295,0,0,0.0,21
461,1,4,6,4,8,0,0,0.18243127442243093,0,0,4.0,7
462,0,0,0,0,1,0,0,0.006910673150755055,0,0,0.0,1
463,0,2,0,0,0,0,0,0.0,1,0,2.0,0
464,1,8,0,0,0,0,0,0.0,0,0,8.0,0
465,0,0,0,0,8,0,0,0.18810814567695303,1,0,0.0,1
466,1,13,0,0,0,0,0,0.021775914073420142,0,0,13.0,0
467,1,6,0,5,0,1,0,0.5226648351648352,1,0,6.0,1
468,0,0,0,2,2,0,0,0.12324338279732672,0,0,0.0,3
469,0,0,0,2,2,0,0,0.12324338279732672,0,0,0.0,3
470,1,2,0,1,2,1,0,0.012511708182176937,0,0,2.0,3
471,1,9,0,4,0,0,0,0.22257995800492986,0,0,9.0,2
472,0,0,0,0,0,0,0,0.07648031205774972,0,0,0.0,0
473,0,0,0,11,0,0,0,0.0,0,0,0.0,11
474,0,1,0,0,0,0,0,0.0,0,0,1.0,0
475,0,0,1,0,2,0,0,0.016170314555675157,0,0,0.0,2
476,0,0,0,13,0,0,0,0.04260540288972097,0,0,0.0,1
477,2,2,0,11,0,0,0,0.0,0,0,1.0,1
478,1,1,0,4,32,0,0,0.004151301459964202,1,0,1.0,6
479,0,0,0,0,28,0,0,0.009393222241198429,1,0,0.0,1
480,0,0,0,1,8,0,0,0.24783998911490576,0,0,0.0,3
481,0,2,0,0,0,0,0,0.0,1,0,2.0,0
482,2,8,0,4,17,1,0,0.6775341671415575,1,0,4.0,6
483,0,0,0,0,24,0,0,0.06959464430221438,1,0,0.0,1
484,1,3,8,3,28,1,0,0.02679707998856935,1,0,3.0,10
485,2,6,0,0,12,1,0,0.2676020847976871,1,1,3.0,3
486,0,0,0,0,22,0,0,0.024672702403439068,1,0,0.0,1
487,0,1,0,2,16,0,0,0.5427971725777078,1,0,1.0,3
488,0,1,0,2,16,0,0,0.5475041260548688,1,0,1.0,3
489,0,0,0,0,21,0,0,0.02633147113594041,1,0,0.0,1
490,0,0,0,0,23,0,0,0.0634952766531714,1,0,0.0,1
491,2,6,0,0,12,1,0,0.25734957548911036,1,1,3.0,3
492,1,2,0,0,1,1,0,0.3141473409704759,0,0,2.0,1
493,0,0,0,0,21,0,0,0.02578336133226207,1,0,0.0,1
494,2,8,0,4,17,1,0,0.6775921872032467,1,0,4.0,6
495,0,0,0,0,39,0,0,0.008583936593321698,1,0,0.0,1
496,0,0,0,0,27,0,0,0.18360990279791634,1,0,0.0,1
497,0,0,0,1,2,0,0,0.06634897360703812,1,0,0.0,3
498,0,0,0,1,23,0,0,0.12675717569084397,1,0,0.0,2
499,0,0,0,0,1,0,0,0.0,1,0,0.0,1
500,2,2,0,34,12,0,0,0.031855588001061856,1,0,2.0,18
501,0,0,0,0,1,0,0,0.21535048802129547,0,0,0.0,1
502,1,8,0,0,0,1,1,0.19779149074374797,0,0,8.0,0
503,2,8,0,4,17,1,0,0.6775422267321833,1,0,4.0,6
504,0,0,0,1,2,0,0,0.07185391028185788,1,0,0.0,3
505,0,0,0,1,2,0,0,0.07171156893819335,1,0,0.0,3
506,0,0,0,0,22,0,0,0.06117211357286726,1,0,0.0,1
507,2,2,0,34,12,0,0,0.031855588001061856,1,0,2.0,18
508,1,1,0,1,3,0,0,0.012712793161394023,0,0,1.0,4
509,3,7,4,3,10,0,0,0.0669253752453017,0,0,2.3333333333333335,9
510,1,3,0,1,0,1,0,0.0,1,0,3.0,1
511,1,10,1,0,9,0,0,0.37940891225562756,0,0,10.0,3
512,2,14,2,123,1,1,0,0.0,0,0,7.0,86
513,1,1,1,7,4,0,0,0.04015092578185779,0,0,1.0,6
514,1,2,0,0,0,1,0,0.0,0,0,2.0,0
515,0,0,1,87,14,0,0,0.203692360699041,1,0,0.0,10
516,0,3,0,0,4,0,0,0.7825486004076965,1,0,3.0,2
517,1,3,0,0,0,1,0,0.0,0,0,3.0,0
518,1,7,0,0,0,1,0,0.36415546141094124,0,0,7.0,0
519,0,1,0,0,0,0,0,0.0,0,0,1.0,0
520,1,8,1,0,9,0,0,0.40030524082984115,0,0,8.0,3
521,0,0,0,0,0,0,0,0.0,0,0,0.0,0
522,1,6,1,2,2,1,0,0.19095691738944973,0,0,6.0,3
523,1,9,1,0,9,0,0,0.39172595386991416,0,0,9.0,3
524,1,2,1,1,4,1,0,0.10857078499831062,1,0,2.0,4
525,1,2,1,1,4,1,0,0.10662537329941378,1,0,2.0,4
526,2,28,0,49,40,0,0,0.29976649847582,1,0,14.0,1
527,4,22,3,3,5,1,0,0.07900073921037169,0,0,22.0,4
528,1,8,1,0,9,0,0,0.26468085106382977,0,0,8.0,3
529,1,1,1,0,13,0,0,0.2289546009771987,0,0,1.0,2
530,0,0,1,10,1,0,0,0.0,0,0,0.0,7
531,0,1,0,0,0,0,0,0.0,0,0,1.0,0
532,0,0,0,1,1,0,0,0.403454357477346,0,0,0.0,2
533,1,2,0,3,0,1,0,0.0,0,0,2.0,3
534,1,2,0,1,19,0,0,0.736245850356884,1,0,2.0,3
535,0,1,0,0,0,0,0,0.0,0,0,1.0,0
536,0,2,0,0,0,0,0,0.0,0,0,2.0,0
537,0,0,0,0,1,0,0,0.0,0,0,0.0,1
538,1,10,0,0,1,1,0,0.0,0,0,10.0,1
539,1,2,0,1,26,1,0,0.6294381898435093,1,0,2.0,3
540,0,0,0,2,0,0,0,0.038725947421148994,0,0,0.0,1
541,0,1,0,0,0,0,0,0.0,0,0,1.0,0
542,2,12,1,0,2,0,0,0.0746624862537729,0,0,6.0,1
543,1,3,2,11,7,0,0,0.059282437560174435,0,0,1.0,14
544,1,3,2,4,39,0,0,0.017584475274491446,1,0,3.0,4
545,1,3,2,4,47,0,0,0.017062535099600276,1,0,3.0,4
546,1,2,0,0,0,0,0,0.0,0,0,2.0,0
547,2,3,0,12,0,0,0,0.0,0,0,1.5,8
548,1,6,0,0,3,1,1,0.29995896594173166,0,0,6.0,1
549,0,1,0,1,0,0,0,0.0,0,0,1.0,1
550,1,3,0,2,2,0,0,0.2776494739543238,0,0,3.0,4
551,1,3,0,2,2,0,0,0.2776494739543238,0,0,3.0,4
552,0,0,1,2,3,0,0,0.09594079186342172,0,0,0.0,4
553,2,4,3,150,6,0,0,0.0024651762412351034,1,0,4.0,3
554,1,4,2,16,9,0,0,0.0023013467740628495,1,0,4.0,5
555,1,1,0,10,11,0,0,0.5274908839047444,0,0,1.0,13
556,1,3,2,24,4,0,0,0.030536484721594058,0,0,3.0,10
557,0,0,0,9,4,0,0,0.2257990342607496,0,0,0.0,12
558,1,2,0,4,9,0,0,0.02835730138943784,0,0,2.0,8
559,1,3,0,0,0,0,0,0.03818483674598783,1,0,3.0,0
560,0,2,0,0,1,0,0,0.16933670601461495,0,0,2.0,1
561,0,2,1,0,0,0,0,0.022607500808276754,0,0,2.0,0
562,2,1,0,2,1,0,0,0.03183476521125103,0,1,1.0,3
563,1,2,0,0,0,1,0,0.0,0,0,2.0,0
564,1,28,2,2,0,1,0,0.3166437650291996,0,0,7.0,1
565,2,6,1,18,6,0,0,0.10297522617488886,0,1,6.0,10
566,0,3,1,10,4,0,0,0.016779496274065105,1,0,3.0,7
567,2,2,1,7,5,0,0,0.004686231903029033,0,0,1.0,9
568,0,0,0,1,2,0,0,0.06863860447478196,1,0,0.0,3
569,1,4,0,2,0,1,0,0.0,0,0,4.0,1
570,0,0,0,2,1,0,0,0.15756668567445986,0,0,0.0,3
571,2,2,1,7,5,0,0,0.0046984093653210145,0,0,1.0,9
572,0,0,0,0,0,0,0,0.06003558742401291,0,0,0.0,0
573,0,2,0,0,0,0,0,0.0,0,0,2.0,0
574,2,2,0,2,40,0,0,0.028810936042990492,1,0,2.0,4
575,1,8,0,2,0,0,0,0.038380134539424904,0,0,8.0,1
576,1,2,0,0,0,1,0,0.0,0,0,2.0,0
577,2,10,0,0,0,1,0,0.0,0,0,10.0,0
578,1,4,0,0,0,1,0,0.0,0,0,4.0,0
579,0,2,0,0,0,1,0,0.0,0,0,2.0,0
580,0,2,0,0,0,0,0,0.0,0,0,2.0,0
581,2,8,0,1,0,1,0,0.42507550530473165,0,0,4.0,1
582,2,7,3,12,7,0,0,0.031285872417185966,1,0,7.0,9
583,1,2,0,0,0,0,0,0.0435099562603607,0,0,2.0,0
584,2,2,0,3,9,0,0,0.1718816821097648,1,0,2.0,3
585,2,2,0,3,9,0,0,0.16925232650261915,1,0,2.0,3
586,2,3,0,3,9,0,0,0.17417654965682133,1,0,3.0,3
587,0,2,0,0,1,0,0,0.0,0,0,2.0,1
588,2,2,0,3,9,0,0,0.17271753505155257,1,0,2.0,3
589,2,2,0,3,9,0,0,0.173413220036618,1,0,2.0,3
590,2,2,0,3,9,0,0,0.17188942012848984,1,0,2.0,3
591,2,2,0,3,9,0,0,0.17242602920390096,1,0,2.0,3
592,2,2,0,3,9,0,0,0.17318664859853078,1,0,2.0,3
593,0,0,0,0,1,0,0,0.39132915002852253,0,0,0.0,1
594,2,2,0,3,9,0,0,0.17075221370859545,1,0,2.0,3
595,1,8,1,0,9,0,0,0.2982678764037815,0,0,8.0,3
596,2,2,0,3,9,0,0,0.1693942803007875,1,0,2.0,3
597,2,2,0,3,9,0,0,0.18303081120020784,1,0,2.0,3
598,2,2,0,3,9,0,0,0.16854369164185884,1,0,2.0,3
599,2,2,0,3,9,0,0,0.1738018524781791,1,0,2.0,3
600,2,2,0,3,9,0,0,0.17055091063058336,1,0,2.0,3
601,2,2,0,3,9,0,0,0.1711857760714474,1,0,2.0,3
602,0,2,0,0,1,0,0,0.0,0,0,2.0,1
603,2,2,0,3,9,0,0,0.1678617769582736,1,0,2.0,3
604,2,2,0,3,9,0,0,0.171111257303821,1,0,2.0,3
605,1,2,0,1,19,1,0,0.563094713545258,1,0,2.0,3
606,1,8,1,1,10,0,0,0.31366982780134767,0,0,8.0,5
607,0,0,1,0,3,0,0,0.009800266311584553,0,0,0.0,2
608,2,2,0,3,9,0,0,0.17122499478281608,1,0,2.0,3
609,2,2,0,3,9,0,0,0.17268766397967542,1,0,2.0,3
610,2,2,0,3,9,0,0,0.17129656808068475,1,0,2.0,3
611,1,1,0,32,3,0,0,0.0,0,0,1.0,15
612,1,8,1,0,9,0,0,0.2593990316149245,0,0,8.0,4
613,2,2,0,3,9,0,0,0.17520811422663504,1,0,2.0,3
614,0,3,0,0,0,0,0,0.42511022389880226,0,0,3.0,0
615,1,8,1,0,9,0,0,0.37138316527838666,0,0,8.0,3
616,0,0,3,33,15,0,0,0.059418497334831774,1,0,0.0,13
617,0,0,1,0,0,0,0,0.32592592592592595,0,0,0.0,0
618,1,8,1,0,10,0,0,0.3040170865151116,0,0,8.0,3
619,1,3,0,0,0,1,0,0.0,0,0,3.0,0
620,1,8,1,0,9,0,0,0.26883707180074645,0,0,8.0,3
621,2,4,0,3,9,0,0,0.16865079365079366,1,0,4.0,3
622,2,2,0,3,9,0,0,0.17420328206479113,1,0,2.0,3
623,2,2,0,3,9,0,0,0.1711056309083436,1,0,2.0,3
624,2,2,0,3,9,0,0,0.16871321746523057,1,0,2.0,3
625,2,3,1,29,1,0,0,0.0,0,0,3.0,17
626,2,2,0,3,9,0,0,0.1728311115087531,1,0,2.0,3
627,2,2,0,3,9,0,0,0.1684336426025059,1,0,2.0,3
628,2,2,0,3,9,0,0,0.17274354264248123,1,0,2.0,3
629,1,8,1,0,9,0,0,0.2562545042726243,0,0,8.0,3
630,1,8,1,0,9,0,0,0.3791752923404017,0,0,8.0,3
631,2,9,1,0,10,0,0,0.29875136659186374,0,0,9.0,3
632,1,8,1,0,9,0,0,0.37670167250097236,0,0,8.0,3
633,2,8,0,0,0,1,0,0.0,0,0,8.0,0
634,2,2,0,3,9,0,0,0.17262403508459165,0,0,2.0,3
635,1,8,1,0,10,0,0,0.3040245865651983,0,0,8.0,3
636,1,8,1,0,9,0,0,0.3798262818716727,0,0,8.0,3
637,1,7,0,12,0,0,0,0.00043478907770160246,0,0,7.0,1
638,1,3,0,0,0,1,0,0.0,0,0,3.0,0
639,1,3,0,0,0,1,0,0.0,0,0,3.0,0
640,2,2,0,3,9,0,0,0.18794237848178313,0,0,2.0,3
641,0,0,0,0,0,0,0,0.0,1,0,0.0,0
642,1,0,2,5,8,0,0,0.017491120236912974,0,0,0.0,11
643,0,0,0,2,2,0,0,0.0,1,0,0.0,3
644,0,0,0,0,0,0,0,0.08688077902354045,0,0,0.0,0
645,0,2,0,2,0,0,0,0.0,0,0,2.0,1
646,4,24,0,26,0,0,0,0.0017396584916560996,0,0,6.0,15
647,0,0,0,1,0,0,0,0.0,0,0,0.0,1
648,0,0,0,1,0,0,0,0.0,0,0,0.0,1
649,0,0,1,8,6,0,0,0.016139444803098774,0,0,0.0,3
650,0,14,0,0,0,1,0,0.0,0,0,14.0,0
651,1,8,1,0,10,0,0,0.23264087415030812,0,0,8.0,3
652,0,0,0,0,23,0,0,0.049812563898670906,1,0,0.0,1
653,2,2,0,3,9,0,0,0.1820010314595152,0,0,2.0,3
654,1,6,0,19,3,0,0,0.08892862949113965,0,0,6.0,13
655,1,9,0,4,10,0,0,0.26767385231924734,1,0,9.0,3
656,1,3,2,3,37,0,0,0.17832049662925345,1,0,3.0,4
657,1,1,1,46,5,0,0,0.017788620030329005,0,0,1.0,15
658,1,1,0,46,5,0,0,0.017821520575995772,0,0,1.0,15
659,1,1,0,46,5,0,0,0.017821520575995772,0,0,1.0,15
660,0,0,0,0,1,0,0,0.0,0,0,0.0,1
661,1,1,1,46,5,0,0,0.017788620030329005,0,0,1.0,15
662,5,12,0,173,0,1,0,0.0033914150964790292,0,0,2.4,3
663,0,0,0,1,2,0,0,0.02837435334691958,1,0,0.0,3
664,1,3,0,0,2,1,1,0.09534422981674096,1,0,3.0,1
665,4,8,0,1,23,0,0,0.29762893503014065,0,1,4.0,2
666,4,8,0,1,23,0,0,0.29762893503014065,0,1,4.0,2
667,5,7,4,33,8,0,0,0.11840321600523536,0,0,7.0,12
668,1,3,1,16,14,0,0,0.0048805016564126835,1,0,3.0,8
669,2,4,0,1,23,0,0,0.4548240509986149,1,0,4.0,3
670,0,0,0,7,0,0,0,0.0,0,0,0.0,1
671,1,2,0,0,0,1,0,0.0,0,0,2.0,0
672,1,2,0,0,0,1,0,0.0,0,0,2.0,0
673,2,4,0,2,0,0,0,0.15723942573874977,1,0,2.0,2
674,2,2,0,4,9,0,0,0.1967084979808068,1,0,2.0,4
675,2,8,1,8,0,0,0,0.0,0,0,8.0,4
676,0,4,1,6,2,0,0,0.05604145601617796,0,0,4.0,6
677,0,0,0,1,2,0,0,0.058747160012982795,1,0,0.0,3
678,0,0,0,1,1,0,0,0.09466361394857344,0,0,0.0,2
679,1,14,1,1,0,1,1,0.37749366251515487,0,1,14.0,1
680,0,0,0,0,0,0,0,0.0,0,0,0.0,0
681,1,3,0,7,1,0,0,0.0,0,0,3.0,8
682,0,0,1,0,23,0,0,0.15497167328366865,1,0,0.0,1
683,1,4,0,0,0,1,0,0.501182163172502,0,0,4.0,0
684,0,1,0,7,12,0,0,0.049099509004909954,0,0,1.0,10
685,0,0,0,10,4,0,0,0.4618009478672986,1,0,0.0,13
686,0,2,0,0,0,0,0,0.0,0,0,2.0,0
687,1,2,0,4,26,0,0,0.3490124372835842,1,0,2.0,6
688,3,24,13,30,81,0,0,0.1012990387113536,1,0,8.0,26
689,0,2,0,0,0,0,0,0.5522231204527082,0,0,2.0,0
690,0,8,0,2,0,0,0,0.0847356879904495,0,0,8.0,1
691,1,2,2,4,10,0,0,0.018252716438836313,0,0,2.0,11
692,3,19,2,81,11,0,0,0.6313867535458724,0,0,4.75,13
693,5,32,2,53,10,0,0,0.5905731052903066,0,0,2.6666666666666665,13
694,3,23,2,56,18,0,0,0.3814913718624667,0,0,3.8333333333333335,13
695,3,29,0,3,12,1,0,0.565482659945919,0,0,7.25,3
696,2,13,0,2,12,1,0,0.8426064651757489,0,0,13.0,3
697,3,91,2,33,13,0,0,0.25460505312237824,0,0,1.82,13
698,3,22,2,31,17,0,0,0.3582524208236697,0,0,5.5,14
699,3,29,2,31,16,0,0,0.31200013133737015,0,0,7.25,13
700,2,12,0,3,12,1,0,0.8463053654467085,0,0,12.0,3
701,3,23,2,56,18,0,0,0.3859900927219611,0,0,3.8333333333333335,13
702,3,37,2,63,15,0,0,0.36922547858316457,0,0,1.7619047619047619,14
703,2,4,1,0,9,0,0,0.7351677467022443,0,0,4.0,2
704,0,0,0,0,22,0,0,0.025249098246491197,1,0,0.0,1
705,0,0,0,0,0,0,0,0.0,0,0,0.0,0
706,0,0,0,1,2,0,0,0.06632466104800293,1,0,0.0,3
707,0,0,0,1,2,0,0,0.06758775205377147,1,0,0.0,3
708,0,0,0,1,2,0,0,0.054981773997569865,1,0,0.0,3
709,0,0,1,0,5,0,0,0.2364827962861824,0,0,0.0,2
710,1,0,1,3,14,0,0,0.5018989397832314,0,0,0.0,5
711,1,6,0,0,0,0,0,0.02868630346715081,0,0,6.0,0
712,0,0,0,1,22,0,0,0.07405643906929499,1,0,0.0,2
713,0,0,0,0,0,0,0,0.0,0,0,0.0,0
714,0,2,0,0,0,0,0,0.0,0,0,2.0,0
715,1,1,1,1,2,0,0,0.1190486134313398,0,0,1.0,2
716,2,4,0,9,0,0,1,0.0152798495362864,0,0,2.0,9
717,1,7,0,0,0,1,0,0.03996823716251985,0,0,7.0,0
718,0,0,1,12,0,0,0,0.17633502450769628,0,0,0.0,2
719,0,0,0,16,0,0,0,0.0,0,0,0.0,4
720,1,0,0,3,1,0,0,0.016902135346106704,0,0,0.0,3
721,0,0,0,0,4,0,0,0.021611823759063023,1,0,0.0,1
722,0,0,0,0,4,0,0,0.021611823759063023,1,0,0.0,1
723,0,0,0,1,0,0,0,0.0,0,0,0.0,1
724,0,2,0,2,1,1,0,0.6413725490196078,1,0,2.0,2
725,1,2,0,0,0,1,0,0.0,0,0,2.0,0
726,0,2,0,2,1,1,0,0.6413725490196078,1,0,2.0,2
727,0,2,0,0,1,1,0,0.0,0,0,2.0,1
728,0,0,0,1,23,0,0,0.11564625850340136,0,0,0.0,8
729,2,7,0,0,0,1,0,0.04175044352454169,0,0,7.0,0
730,0,4,0,0,0,0,0,0.0,0,0,2.0,0
731,1,19,0,10,0,1,0,0.32972034253548116,0,1,19.0,1
732,1,1,0,1,20,0,0,0.5500101075896768,1,0,1.0,3
733,0,2,0,0,1,0,0,0.0,1,0,2.0,1
734,1,9,1,0,9,0,0,0.3929015399446939,0,0,9.0,3
735,0,1,0,2,0,0,0,0.0,0,0,1.0,1
736,0,2,0,0,0,0,0,0.07745865970409051,0,0,2.0,0
737,0,2,0,0,0,0,0,0.0,0,0,2.0,0
738,0,2,0,0,0,0,0,0.0,0,0,2.0,0
739,0,0,0,0,21,0,0,0.018010444529359317,1,0,0.0,1
740,0,1,0,0,0,0,0,0.0,0,0,1.0,0
741,5,7,1,33,8,0,0,0.09206219972269693,0,0,7.0,18
742,1,4,0,0,0,0,0,0.0,0,0,4.0,0
743,1,3,0,0,0,1,0,0.1478806907378336,0,0,3.0,0
744,0,2,0,0,0,1,0,0.0,0,0,2.0,0
745,3,6,0,354,9,0,0,0.47004236601073496,1,0,6.0,38
746,1,2,0,20,7,0,0,0.042444493538053685,1,0,2.0,13
747,4,40,0,1,1,1,0,0.14394072512153694,0,0,13.333333333333334,2
748,1,28,1,2,0,1,0,0.2647415798523313,0,0,7.0,1
749,1,28,1,2,0,1,0,0.2618261267212032,0,0,7.0,1
750,0,0,0,0,1,0,0,0.0,0,0,0.0,1
751,1,4,2,14,6,1,0,0.1123504688005173,0,0,4.0,5
752,3,16,1,13,0,1,0,0.24671561051004637,1,1,16.0,2
753,0,2,0,2,0,1,0,0.0,1,0,2.0,1
754,1,2,0,0,0,1,0,0.0,0,0,2.0,0
755,5,3,0,14,0,0,0,0.0,0,0,0.6,2
756,2,8,0,0,0,0,0,0.0,0,0,4.0,0
757,2,8,1,8,0,0,0,0.0,0,0,8.0,4
758,1,3,0,9,0,0,0,0.001298657070529339,0,0,3.0,1
759,1,9,0,3,0,1,0,0.3107234012796755,1,1,9.0,3
760,1,7,0,12,0,0,0,0.00043478907770160246,0,0,7.0,1
761,0,0,0,4,5,0,0,0.09470252648736756,0,0,0.0,6
762,0,0,0,4,5,0,0,0.09488222348375858,0,0,0.0,6
763,0,0,1,0,22,0,0,0.13644214162348878,1,0,0.0,1
764,0,0,0,2,22,0,0,0.07958218684048834,1,0,0.0,3
765,0,0,0,3,1,0,0,0.002954797062354794,0,0,0.0,4
766,1,8,1,0,9,0,0,0.2520300549209879,0,0,8.0,3
767,2,3,0,17,3,0,0,0.025982930231458496,0,0,1.5,12
768,2,14,9,1,14,0,0,0.016828148903620603,0,0,7.0,8
769,2,2,0,0,0,1,0,0.0,0,0,1.0,0
770,3,5,0,4,0,1,0,0.09483423284502698,0,0,2.5,2
771,0,0,0,8,1,0,0,0.04517015107584312,1,0,0.0,3
772,0,0,0,0,5,0,0,0.0,0,0,0.0,3
773,1,3,0,0,0,1,0,0.36561264822134387,0,0,3.0,0
774,0,0,1,0,1,0,0,0.22076215505913271,0,0,0.0,1
775,1,10,0,2,0,0,0,0.2549828497265227,0,0,10.0,2
776,0,1,2,2,3,0,0,0.0,1,0,1.0,3
777,1,6,0,402,12,0,0,0.6534253815235554,0,0,6.0,6
778,2,8,1,8,0,0,0,0.0,0,0,8.0,4
779,1,27,4,4,6,0,0,0.06983435943908295,0,0,27.0,8
780,1,8,6,0,23,1,0,0.2839527570752965,0,0,8.0,12
781,0,0,0,8,15,0,0,0.42707148574076415,1,0,0.0,4
782,0,0,0,1,0,0,0,0.060030292208991615,0,0,0.0,1
783,1,4,0,7,5,1,0,0.011441647597254004,1,0,4.0,3
784,3,3,0,0,3,0,0,0.010201838089793764,0,0,3.0,3
785,1,1,0,1,20,0,0,0.5715594406722255,1,0,1.0,3
786,1,5,0,1,0,1,0,0.2676590776415645,0,0,5.0,1
787,1,4,0,12,0,1,0,0.0,0,0,4.0,2
788,0,0,0,0,0,0,0,0.03517544615915165,0,0,0.0,0
789,0,1,0,0,0,0,0,0.03978906999041227,0,0,1.0,0
790,1,2,0,0,0,1,0,0.5077650236326806,0,0,2.0,0
791,0,2,0,0,0,0,0,0.0,0,0,2.0,0
792,4,2,0,19,2,0,0,0.0038144886995772273,1,0,1.0,4
793,1,1,0,0,0,0,0,0.0,1,0,1.0,0
794,0,0,0,1,0,0,0,0.0,0,0,0.0,1
795,1,2,0,3,1,0,0,0.006676325183337565,0,0,2.0,4
796,1,3,0,0,0,1,0,0.0,0,0,3.0,0
797,1,22,0,2,0,1,0,0.002503932945181573,0,0,22.0,2
798,1,7,0,0,0,1,0,0.4107862903225806,0,0,7.0,0
799,1,1,2,0,0,0,0,0.21002455803169665,0,0,1.0,0
800,1,3,0,0,0,1,0,0.04952476238119059,0,0,3.0,0
801,1,3,0,0,0,1,0,0.049974760222110046,0,0,3.0,0
802,1,8,4,7,5,0,0,0.16225912207184154,0,0,8.0,7
803,0,0,0,0,0,0,0,0.0,0,0,0.0,0
804,0,0,0,0,1,0,0,0.2123469930814263,0,0,0.0,1
805,0,0,1,0,30,0,0,0.0074923130813840345,1,0,0.0,1
806,0,0,0,15,0,0,0,0.0,0,0,0.0,5
807,0,0,0,4,1,0,0,0.39415204678362575,0,0,0.0,5
808,0,0,0,0,1,0,0,0.2123469930814263,0,0,0.0,1
809,0,0,0,0,1,0,0,0.2123469930814263,0,0,0.0,1
810,0,0,0,9,4,0,0,0.04963600264725347,0,0,0.0,4
811,1,4,1,0,1,1,0,0.10087388067752724,0,0,4.0,1
812,0,0,0,1,0,0,0,0.0,0,0,0.0,1
813,0,0,0,1,2,0,0,0.07595467897608058,1,0,0.0,3
814,1,3,0,0,0,1,0,0.36561264822134387,0,0,3.0,0
815,1,3,0,0,0,1,0,0.36561264822134387,0,0,3.0,0
816,0,0,0,20,0,0,0,0.13283718317770132,0,0,0.0,1
817,1,3,0,4,0,0,0,0.07037190653947187,1,0,3.0,1
818,0,2,0,0,0,1,0,0.0,1,0,2.0,0
819,2,2,0,0,1,0,0,0.0,1,0,1.0,1
820,0,2,0,2,1,0,0,0.17015392015392014,0,0,2.0,3
821,1,2,0,1,0,1,0,0.0,0,0,2.0,1
822,0,2,0,0,0,0,0,0.0,1,0,2.0,0
823,0,2,0,0,1,0,0,0.0,0,0,1.0,1
824,0,0,0,1,24,0,0,0.09427089764168416,1,0,0.0,2
825,1,1,0,1,30,0,0,0.013282816533173807,1,0,1.0,2
826,0,0,0,1,28,0,0,0.009788467405674768,1,0,0.0,2
827,0,0,0,1,31,0,0,0.006604453288503105,1,0,0.0,2
828,1,4,0,1,1,0,0,0.0,0,0,4.0,2
829,0,0,0,1,2,0,0,0.07621052631578948,1,0,0.0,3
830,1,1,0,1,28,0,0,0.009379948836642709,1,0,1.0,2
831,0,0,1,0,2,0,0,0.09182676652556171,0,0,0.0,1
832,0,0,1,0,21,0,0,0.14597375533196574,1,0,0.0,1
833,0,0,0,1,22,0,0,0.08268882672371236,1,0,0.0,2
834,0,2,3,0,2,0,0,0.0027754714743209582,1,0,2.0,2
835,0,0,0,1,2,0,0,0.0652958152958153,1,0,0.0,3
836,3,16,0,21,13,1,0,0.07124098268009707,0,0,16.0,6
837,1,6,0,4,0,0,0,0.11956964044468317,0,0,6.0,3
838,2,39,3,5,20,1,0,0.5233300912173707,1,0,19.5,8
839,1,7,0,0,0,1,0,0.03996823716251985,0,0,7.0,0
840,32,151,3,4,4,0,0,0.09104184237490155,0,1,5.033333333333333,6
841,1,5,0,6,16,0,0,0.10360621115641758,0,1,5.0,5
842,3,21,0,0,5,0,0,0.003869380451800492,0,1,10.5,2
843,1,2,0,0,0,1,0,0.0,0,0,2.0,0
844,0,0,0,1,0,0,0,0.0,0,0,0.0,1
845,1,2,0,0,0,1,0,0.0,0,0,2.0,0
846,0,0,0,10,0,0,0,0.0,1,0,0.0,1
847,1,9,0,0,0,1,0,0.0,0,0,9.0,0
848,0,0,0,1,2,0,0,0.06784107946026986,1,0,0.0,3
849,0,0,0,0,2,0,0,0.03148373630196556,1,0,0.0,2
850,0,0,0,3,0,0,0,0.13993635640413685,0,0,0.0,3
851,1,2,0,0,0,1,0,0.0,0,0,2.0,0
852,1,2,0,0,0,1,0,0.0,0,0,2.0,0
853,1,6,0,1,0,1,0,0.1471100278551532,0,0,6.0,1
854,1,7,0,1,26,0,0,0.21980566286188583,0,0,7.0,3
855,1,8,1,0,9,0,0,0.25811469459711706,0,0,8.0,3
856,1,4,2,5,2,0,0,0.3881853516989378,0,0,4.0,5
857,1,9,1,0,8,0,0,0.24202639538080836,1,0,9.0,3
858,0,2,1,2,2,0,0,0.04475830515217824,0,0,2.0,2
859,0,0,0,0,1,0,0,0.14256325858876776,0,0,0.0,1
860,0,2,1,96,23,0,0,0.5894605605895318,1,0,2.0,24
861,1,2,0,0,1,0,0,0.0756136484535299,0,0,2.0,1
862,1,8,0,0,0,1,1,0.19779149074374797,0,0,8.0,0
863,1,8,0,8,7,0,0,0.03420060597519729,1,0,8.0,5
864,0,0,0,11,0,0,0,0.49640685461580986,0,0,0.0,7
865,2,0,0,0,0,0,0,0.13133940182054615,1,0,0.0,0
866,2,3,5,1,5,0,0,0.024375833024169725,0,0,3.0,3
867,1,1,0,0,0,0,0,0.33793313069908815,0,0,1.0,0
868,1,13,0,0,0,1,0,0.0,0,0,13.0,0
869,1,3,0,0,0,0,0,0.1276004821044909,0,0,3.0,0
870,0,0,0,0,0,0,1,0.024300441826215022,0,0,0.0,0
871,1,1,0,0,0,0,0,0.33795367499544043,0,0,1.0,0
872,0,0,0,1,0,0,0,0.07142802241301123,0,0,0.0,1
873,0,0,0,1,1,0,0,0.010559886605244508,0,0,0.0,2
874,1,5,0,0,0,1,0,0.1850217842466224,0,0,5.0,0
875,1,6,0,0,3,1,1,0.29995896594173166,0,0,6.0,1
876,0,0,3,19,6,0,0,0.21298341432071002,1,0,0.0,4
877,0,1,0,2,1,0,0,0.05275485166183359,0,0,1.0,2
878,0,0,0,15,0,0,0,0.28574888473948606,0,0,0.0,2
879,0,0,0,0,0,0,0,0.0,0,0,0.0,0
880,1,3,0,0,0,1,0,0.0,0,0,3.0,0
881,1,2,0,0,0,1,0,0.20141342756183744,0,0,2.0,0
882,1,0,1,3,21,0,0,0.4954452302261393,0,0,0.0,5
883,1,2,0,4,20,0,0,0.7076080043234817,1,0,2.0,4
884,1,6,0,1,0,1,0,0.6875663206459054,1,0,6.0,1
885,2,38,2,4,0,1,0,0.08543612159745678,0,1,38.0,2
886,1,3,0,0,0,1,0,0.0,0,0,3.0,0
887,1,5,0,4,0,1,0,0.0,1,0,5.0,2
888,0,0,0,1,23,0,0,0.06283137302699739,1,0,0.0,2
889,0,0,0,1,23,0,0,0.09717050192558643,1,0,0.0,2
890,0,0,0,1,2,0,0,0.03168212847890776,1,0,0.0,3
891,0,0,0,1,2,0,0,0.0586139896373057,1,0,0.0,3
892,0,0,0,3,0,0,0,0.06199460916442048,1,0,0.0,3
893,2,8,0,0,0,0,0,0.0,0,0,4.0,0
894,1,2,0,2,27,0,0,0.3369840019715334,1,0,2.0,4
895,1,8,1,0,9,0,0,0.25527332398892344,0,0,8.0,3
896,2,2,0,3,9,0,0,0.1734338747099768,1,0,2.0,3
897,2,2,0,3,9,0,0,0.19037258484194208,1,0,2.0,3
898,0,0,0,2,1,0,0,0.043077177873468035,0,0,0.0,3
899,2,2,0,5,9,0,0,0.1713558823359736,1,0,2.0,4
900,1,8,0,0,0,1,1,0.19779149074374797,0,0,8.0,0
901,1,8,1,0,9,0,0,0.3713174898696747,0,0,8.0,3
902,1,8,1,0,9,0,0,0.25879887772134813,0,0,8.0,3
903,0,1,0,21,0,0,0,0.03819827776551115,0,0,1.0,2
904,0,0,0,1,2,0,0,0.03926247288503254,1,0,0.0,3
905,0,0,0,1,2,0,0,0.07466996699669967,1,0,0.0,3
906,0,2,0,2,1,1,0,0.6413725490196078,1,0,2.0,2
907,1,6,0,19,3,0,0,0.08892862949113965,0,0,6.0,13
908,2,9,1,0,10,0,0,0.2743236317535673,0,0,9.0,4
909,0,0,0,0,1,0,0,0.06740347774830534,0,0,0.0,1
910,0,2,0,9,0,1,0,0.0,0,0,2.0,2
911,1,9,0,4,10,0,0,0.23432090159172766,1,0,9.0,3
912,0,0,0,0,29,0,0,0.007196934292924572,1,0,0.0,1
913,0,2,0,0,2,0,0,0.0,0,0,2.0,1
914,2,2,3,6,10,0,0,0.1189706507868992,0,0,2.0,9
915,3,21,2,41,15,0,0,0.3909291991615149,0,0,5.25,28
916,0,0,1,56,4,0,0,0.35816471939955535,0,0,0.0,12
917,2,38,2,4,0,1,0,0.08543612159745678,0,1,38.0,2
918,1,3,2,3,36,0,0,0.18499701645213537,1,0,3.0,4
919,1,3,5,9,11,0,0,0.20690896005757467,0,0,3.0,7
920,0,2,0,0,0,0,0,0.0,0,0,2.0,0
921,1,2,1,23,0,1,0,0.15117444061004118,0,0,2.0,1
922,1,2,1,23,0,1,0,0.15117444061004118,0,0,2.0,1
923,1,2,1,23,0,1,0,0.15117444061004118,0,0,2.0,1
924,0,0,1,10,1,0,0,0.33185219831618334,0,0,0.0,2
925,0,0,0,19,1,0,0,0.011392885939341313,0,0,0.0,20
926,0,0,0,19,1,0,0,0.011392885939341313,0,0,0.0,20
927,1,2,0,6,22,0,0,0.5017984219145452,1,0,2.0,7
928,1,2,0,0,7,1,0,0.9853368307980848,0,0,2.0,5
929,2,6,0,0,0,0,0,0.0,0,0,3.0,0
930,2,6,0,0,0,0,0,0.0,0,0,3.0,0
931,1,3,0,0,2,0,0,0.018936420722135007,1,0,3.0,2
932,0,10,0,0,0,1,0,0.0006515506906437321,0,0,10.0,0
933,0,0,0,3,1,0,0,0.0,0,0,0.0,3
934,1,3,0,0,0,1,0,0.0,0,0,3.0,0
935,1,3,0,2,0,1,0,0.0,0,0,3.0,2
936,1,2,0,1,20,0,0,0.6415125882617913,1,0,2.0,3
937,2,8,0,0,0,0,0,0.0,0,0,4.0,0
938,1,2,0,0,0,1,0,8.968609865470852e-05,1,0,2.0,0
939,1,4,0,8,0,0,0,0.0,0,0,4.0,2
940,0,0,0,1,10,0,0,0.010432968179447054,1,0,0.0,2
941,0,0,2,8,3,0,0,0.015409086390297247,0,0,0.0,9
942,0,0,3,8,3,0,0,0.0151826819473014,0,0,0.0,9
943,0,0,0,0,0,0,0,0.021742345806833308,0,0,0.0,0
944,0,2,0,0,0,0,0,0.0,0,0,2.0,0
945,1,2,0,0,2,1,0,0.0,0,0,2.0,2
946,1,2,0,0,0,0,0,0.07697101900903708,0,0,2.0,0
947,0,1,0,0,2,1,0,0.3813429988553987,0,0,1.0,2
948,3,17,0,82,0,1,0,0.014835646630380686,0,0,5.666666666666667,10
949,3,6,0,5,0,0,0,0.0954938979868572,0,1,3.0,5
950,0,0,0,10,0,0,0,0.003986464562184212,0,0,0.0,8
951,1,8,1,0,9,0,0,0.30620964059748224,0,0,8.0,3
952,2,2,0,12,0,0,0,0.0,0,0,2.0,2
953,0,2,0,0,0,0,0,0.005264219813276106,0,0,2.0,0
954,2,4,0,0,0,0,0,0.0,0,0,2.0,0
955,1,2,0,3,18,0,0,0.733524623695791,1,0,2.0,4
956,0,1,1,1,0,0,0,0.0,0,0,1.0,1
957,0,0,0,4,0,0,0,0.0,0,0,0.0,2
958,0,0,0,0,0,0,0,0.304973037747154,0,0,0.0,0
959,1,2,0,1,19,0,0,0.5591842450999354,1,0,2.0,3
960,0,2,0,2,1,1,0,0.6413725490196078,1,0,2.0,2
961,0,2,0,2,1,1,0,0.6413725490196078,1,0,2.0,2
962,1,2,0,1,19,0,0,0.5608743718592965,1,0,2.0,3
963,1,2,0,1,19,0,0,0.5678760313454281,1,0,2.0,3
964,0,0,1,115,16,0,0,0.08358290823322911,1,0,0.0,15
965,0,0,1,136,13,0,0,0.02199451882626076,1,0,0.0,15
966,1,8,1,0,9,0,0,0.30467135179826377,0,0,8.0,3
967,0,0,2,63,35,0,0,0.08806836949797907,1,0,0.0,15
968,0,2,1,50,2,0,0,0.057343346472747046,0,0,2.0,3
969,0,1,0,0,0,0,0,0.0,0,0,1.0,0
970,1,2,0,0,2,1,0,0.0,0,0,2.0,2
971,0,2,0,0,0,0,0,0.0,0,0,2.0,0
972,0,2,0,0,0,0,0,0.0,0,0,2.0,0
973,0,2,0,0,0,0,0,0.0,0,0,2.0,0
974,0,2,0,0,1,1,0,0.0,0,0,2.0,1
975,0,0,0,0,0,0,0,0.0,1,0,0.0,0
976,0,2,0,0,1,1,0,0.0,0,0,2.0,1
977,0,2,0,0,0,0,0,0.0,1,0,2.0,0
978,0,0,0,0,0,0,0,0.0,0,0,0.0,0
979,1,7,0,0,0,0,0,0.0,0,0,7.0,0
980,0,0,0,0,0,0,0,0.0,0,0,0.0,0
981,2,8,0,0,0,0,0,0.0,0,0,4.0,0
982,0,2,0,0,0,0,0,0.0,0,0,2.0,0
983,4,8,0,0,0,0,0,0.0,0,0,4.0,0
984,0,2,0,2,1,1,0,0.6413725490196078,1,0,2.0,2
985,2,15,1,11,3,1,0,0.5981579167713305,1,1,15.0,4
986,2,15,1,11,3,1,0,0.5981679338178651,1,1,15.0,4
987,3,10,2,13,8,1,0,0.2392782086650557,0,0,3.3333333333333335,13
988,1,2,0,13,0,0,0,0.05154965211891208,0,0,2.0,1
989,12,7,1,5,0,0,0,0.03751987281399046,0,0,3.5,5
