sample_id,url_len,num_subdomains,has_ip,is_https,count_at,count_dash,count_double_slash,domain_entropy,tld_type,num_params,has_suspicious_params
0,10,0,0,0,0,0,0,3.321928094887362,com,0,0
1,10,0,0,0,0,0,0,3.121928094887362,org,0,0
2,9,0,0,0,0,0,0,2.725480556997868,com,0,0
3,16,1,0,0,0,0,0,3.334679141051595,org,0,0
4,13,0,0,0,0,0,0,3.0269868333592873,org,0,0
5,9,0,0,0,0,0,0,2.725480556997868,org,0,0
6,16,1,0,0,0,0,0,3.121928094887362,org,0,0
7,13,0,0,0,0,0,0,3.238901256602631,com,0,0
8,19,1,0,0,0,0,0,2.6464393446710157,com,0,0
9,15,1,0,0,0,0,0,2.6464393446710157,com,0,0
10,12,0,0,0,0,0,0,3.0220552088742,com,0,0
11,9,0,0,0,0,0,0,2.9477027792200903,com,0,0
12,14,1,0,0,0,0,0,2.9477027792200903,com,0,0
13,13,0,0,0,0,0,0,3.0269868333592873,com,0,0
14,9,0,0,0,0,0,0,2.725480556997868,eu,0,0
15,13,0,0,0,0,0,0,3.334679141051595,org,0,0
16,4,0,0,0,0,0,0,2.0,me,0,0
17,15,1,0,0,0,0,0,2.6464393446710157,com,0,0
18,10,0,0,0,0,0,0,2.7219280948873625,com,0,0
19,16,1,0,0,0,0,0,2.9477027792200903,com,0,0
20,10,0,0,0,0,0,0,2.8464393446710154,com,0,0
21,10,0,0,0,0,0,0,3.121928094887362,com,0,0
22,19,0,0,0,0,0,0,3.5766176449086657,org,0,0
23,12,0,0,0,0,0,0,3.2516291673878226,com,0,0
24,14,0,0,0,0,0,0,3.03914867190307,com,0,0
25,10,0,0,0,0,0,0,3.121928094887362,com,0,0
26,16,1,0,0,0,0,0,2.6464393446710157,com,0,0
27,11,0,0,0,0,0,0,3.2776134368191165,com,0,0
28,10,0,0,0,0,0,0,2.7219280948873625,com,0,0
29,6,0,0,0,0,0,0,2.584962500721156,org,0,0
30,10,0,0,0,0,0,0,3.121928094887362,com,0,0
31,20,3,0,0,0,0,0,2.807354922057604,gov,0,0
32,7,0,0,0,0,0,0,2.807354922057604,gov,0,0
33,6,0,0,0,0,0,0,1.9182958340544893,gl,0,0
34,12,0,0,0,0,0,0,3.188721875540867,com,0,0
35,11,0,0,0,0,0,0,3.459431618637298,com,0,0
36,13,0,0,0,0,0,0,3.3927474104487847,net,0,0
37,15,1,0,0,0,0,0,3.2776134368191165,org,0,0
38,9,0,0,0,0,0,0,2.725480556997868,com,0,0
39,7,0,0,0,0,0,0,2.2359263506290326,com,0,0
40,10,0,0,0,0,0,0,3.1219280948873624,com,0,0
41,9,0,0,0,0,0,0,2.503258334775646,co.uk,0,0
42,7,0,0,0,0,0,0,2.807354922057604,int,0,0
43,11,0,0,0,0,0,0,3.027169118440619,com,0,0
44,15,0,0,0,0,0,0,3.7735572622751845,com,0,0
45,7,0,0,0,0,0,0,2.521640636343318,us,0,0
46,10,0,0,0,0,0,0,2.921928094887362,net,0,0
47,31,1,0,0,0,0,0,2.7534343861887844,com,0,0
48,14,0,0,0,0,0,0,3.378783493486176,com,0,0
49,7,0,0,0,0,0,0,2.2359263506290326,com,0,0
50,9,0,0,0,0,0,0,2.94770277922009,ee,0,0
51,7,0,0,0,0,0,0,2.521640636343318,org,0,0
52,10,0,0,0,0,0,0,2.6464393446710157,gov.uk,0,0
53,23,3,0,0,0,0,0,2.807354922057604,gov,0,0
54,12,0,0,0,0,0,0,3.418295834054489,com,0,0
55,8,0,0,0,0,0,0,3.0,com,0,0
56,12,0,0,0,0,0,0,3.418295834054489,com,0,0
57,7,0,0,0,0,0,0,2.5216406363433186,com,0,0
58,8,0,0,0,0,0,0,2.75,com,0,0
59,10,0,0,0,0,0,0,3.321928094887362,org,0,0
60,12,0,0,0,0,0,0,3.418295834054489,edu,0,0
61,8,0,0,0,0,0,0,2.75,gov,0,0
62,14,0,0,0,0,0,0,2.7534343861887844,com,0,0
63,7,0,0,0,0,0,0,2.521640636343318,net,0,0
64,9,0,0,0,0,0,0,2.94770277922009,com,0,0
65,19,0,0,0,0,0,0,3.366091329119192,com,0,0
66,17,1,0,0,0,0,0,3.418295834054489,com,0,0
67,9,0,0,0,0,0,0,3.169925001442312,com,0,0
68,10,0,0,0,0,0,0,3.321928094887362,com,0,0
69,14,0,0,0,0,0,0,3.3248629576173574,com,0,0
70,10,0,0,0,0,0,0,2.9219280948873623,gg,0,0
71,7,0,0,0,0,0,0,2.5216406363433186,org,0,0
72,6,0,0,0,0,0,0,2.584962500721156,com,0,0
73,21,1,0,0,0,0,0,3.334679141051595,org,0,0
74,8,0,0,0,0,0,0,2.75,com,0,0
75,11,0,0,0,0,0,0,2.8453509366224368,net,0,0
76,10,0,0,0,0,0,0,3.121928094887362,com,0,0
77,12,0,0,0,0,0,0,3.084962500721156,com,0,0
78,14,0,0,0,0,0,0,3.0930692077718898,com,0,0
79,17,0,0,0,0,0,0,3.6901165175936654,com,0,0
80,12,0,0,0,0,0,0,3.2516291673878226,com,0,0
81,7,0,0,0,0,0,0,2.521640636343318,gov,0,0
82,11,0,0,0,0,0,0,2.9139770731827523,com,0,0
83,8,0,0,0,0,0,0,2.75,com,0,0
84,10,0,0,0,0,0,0,3.321928094887362,com,0,0
85,7,0,0,0,0,0,0,2.807354922057604,to,0,0
86,6,0,0,0,0,0,0,2.584962500721156,com,0,0
87,11,0,0,0,0,0,0,3.0957952550009344,com,0,0
88,16,1,0,0,0,0,0,3.334679141051595,org,0,0
89,15,0,0,0,0,0,0,3.0565647621309537,net,0,0
90,11,0,0,0,0,0,0,3.0957952550009344,com,0,0
91,7,0,0,0,0,0,0,2.807354922057604,com,0,0
92,7,0,0,0,0,0,0,2.5216406363433186,org,0,0
93,12,0,0,0,0,0,0,3.084962500721156,co.uk,0,0
94,7,0,0,0,0,0,0,1.9502120649147465,fr,0,0
95,13,0,0,0,0,0,0,3.0269868333592873,com,0,0
96,10,0,0,0,0,0,0,3.1219280948873624,org,0,0
97,14,0,0,0,0,0,0,3.2359263506290326,com,0,0
98,14,0,0,0,0,0,0,3.378783493486176,com,0,0
99,11,0,0,0,0,0,0,3.277613436819116,com,0,0
100,11,0,0,0,0,0,0,3.095795255000934,edu,0,0
101,7,0,0,0,0,0,0,2.521640636343318,org,0,0
102,14,0,0,0,0,1,0,3.6644977792004623,de,0,0
103,16,0,0,0,0,0,0,3.625,com,0,0
104,18,1,0,0,0,0,0,2.9477027792200903,com,0,0
105,10,0,0,0,0,0,0,3.321928094887362,com,0,0
106,11,0,0,0,0,0,0,3.095795255000934,com,0,0
107,16,1,0,0,0,0,0,3.334679141051595,org,0,0
108,10,1,0,0,0,0,0,2.521640636343318,org,0,0
109,12,0,0,0,0,0,0,3.084962500721156,com,0,0
110,22,0,0,0,0,0,0,3.6635327548042547,com,0,0
111,14,0,0,0,0,0,0,3.378783493486176,gov,0,0
112,11,0,0,0,0,0,0,2.8453509366224368,com,0,0
113,12,0,0,0,0,0,0,3.2516291673878226,com,0,0
114,14,0,0,0,0,0,0,3.6644977792004623,edu,0,0
115,9,0,0,0,0,0,0,2.94770277922009,com,0,0
116,13,0,0,0,0,0,0,3.1808329872054406,com,0,0
117,10,0,0,0,0,0,0,2.9219280948873623,mp,0,0
118,10,0,0,0,0,0,0,2.9219280948873627,com,0,0
119,18,0,0,0,0,0,0,3.5724312513221195,com,0,0
120,15,0,0,0,0,0,0,3.323231428797621,com,0,0
121,10,0,0,0,0,0,0,2.846439344671015,com,0,0
122,13,0,0,0,0,0,0,3.3927474104487847,edu,0,0
123,12,0,0,0,0,0,0,3.188721875540867,com,0,0
124,7,0,0,0,0,0,0,2.807354922057604,gov,0,0
125,10,0,0,0,0,0,0,3.1219280948873624,com,0,0
126,18,1,0,0,0,0,0,2.6464393446710157,com,0,0
127,13,0,0,0,0,0,0,3.3927474104487847,org,0,0
128,9,0,0,0,0,0,0,2.94770277922009,edu,0,0
129,14,0,0,0,0,0,0,3.378783493486176,org,0,0
130,14,0,0,0,0,0,0,3.3248629576173574,com,0,0
131,8,0,0,0,0,0,0,2.4056390622295662,org,0,0
132,14,0,0,0,0,0,0,3.378783493486176,io,0,0
133,11,0,0,0,0,0,0,3.095795255000934,com,0,0
134,7,0,0,0,0,0,0,2.807354922057604,org,0,0
135,10,0,0,0,0,0,0,2.9219280948873623,com,0,0
136,8,0,0,0,0,0,0,2.5,gov,0,0
137,10,0,0,0,0,0,0,3.321928094887362,com,0,0
138,9,0,0,0,0,0,0,2.94770277922009,gov,0,0
139,11,0,0,0,0,0,0,3.277613436819116,com,0,0
140,10,0,0,0,0,0,0,3.1219280948873624,org,0,0
141,8,0,0,0,0,0,0,2.75,org,0,0
142,15,0,0,0,0,0,0,3.189898095464288,org,0,0
143,12,0,0,0,0,0,0,3.251629167387823,com,0,0
144,9,0,0,0,0,0,0,3.169925001442312,com,0,0
145,17,0,0,0,0,0,0,3.6168746059562227,com,0,0
146,8,0,0,0,0,0,0,2.75,edu,0,0
147,8,0,0,0,0,0,0,2.75,ac.uk,0,0
148,9,0,0,0,0,0,0,2.5032583347756456,edu,0,0
149,10,0,0,0,0,0,0,3.121928094887362,org,0,0
150,19,0,0,0,0,0,0,3.4713544870139286,com,0,0
151,9,0,0,0,0,0,0,2.4193819456463714,com,0,0
152,11,0,0,0,0,0,0,3.277613436819116,com,0,0
153,15,0,0,0,0,0,0,3.2729055953200556,org,0,0
154,7,0,0,0,0,0,0,2.5216406363433186,com,0,0
155,9,0,0,0,0,0,0,3.169925001442312,com,0,0
156,7,0,0,0,0,0,0,2.521640636343318,edu,0,0
157,11,0,0,0,0,0,0,2.913977073182752,com,0,0
158,14,0,0,0,0,0,0,3.521640636343319,com,0,0
159,10,0,0,0,0,0,0,3.1219280948873624,com,0,0
160,8,0,0,0,0,0,0,3.0,com,0,0
161,16,0,0,0,0,0,0,3.1556390622295662,email,0,0
162,16,1,0,0,0,0,0,3.334679141051595,org,0,0
163,16,1,0,0,0,0,0,2.6464393446710157,com,0,0
164,12,0,0,0,0,0,0,3.0220552088742005,com,0,0
165,9,0,0,0,0,0,0,2.94770277922009,de,0,0
166,9,0,0,0,0,0,0,2.725480556997868,com,0,0
167,12,0,0,0,0,0,0,3.2516291673878226,com,0,0
168,13,0,0,0,0,0,0,3.180832987205441,com,0,0
169,11,0,0,0,0,0,0,3.095795255000934,com,0,0
170,10,0,0,0,0,0,0,2.9219280948873623,net.au,0,0
171,22,0,0,0,0,0,0,3.368522527728206,com,0,0
172,8,0,0,0,0,0,0,2.75,com,0,0
173,9,0,0,0,0,0,0,2.725480556997868,org,0,0
174,9,0,0,0,0,0,0,2.503258334775646,ac.uk,0,0
175,7,0,0,0,0,0,0,2.521640636343318,edu,0,0
176,7,0,0,0,0,0,0,2.521640636343318,org,0,0
177,10,0,0,0,0,0,0,3.321928094887362,com,0,0
178,10,0,0,0,0,0,0,3.1219280948873624,com,0,0
179,11,0,0,0,0,0,0,2.845350936622437,com,0,0
180,12,0,0,0,0,0,0,3.2516291673878226,com,0,0
181,10,0,0,0,0,0,0,3.121928094887362,com,0,0
182,7,0,0,0,0,0,0,2.807354922057604,gov,0,0
183,19,0,0,0,0,1,0,3.497155802575668,com,0,0
184,10,0,0,0,0,0,0,3.1219280948873624,com,0,0
185,8,0,0,0,0,0,0,3.0,gov,0,0
186,7,0,0,0,0,0,0,2.5216406363433186,com,0,0
187,7,0,0,0,0,0,0,2.521640636343318,edu,0,0
188,14,0,0,0,0,0,0,3.2359263506290334,org,0,0
189,14,0,0,0,0,0,0,3.378783493486176,org,0,0
190,16,0,0,0,0,0,0,3.4056390622295662,com,0,0
191,8,0,0,0,0,0,0,2.75,edu,0,0
192,10,0,0,0,0,0,0,2.846439344671016,org,0,0
193,8,0,0,0,0,0,0,2.75,com,0,0
194,12,0,0,0,0,0,0,3.0220552088742005,org,0,0
195,7,0,0,0,0,0,0,2.807354922057604,gov,0,0
196,7,0,0,0,0,0,0,2.521640636343318,org,0,0
197,9,0,0,0,0,0,0,2.9477027792200903,com,0,0
198,9,0,0,0,0,0,0,3.169925001442312,com,0,0
199,7,0,0,0,0,0,0,2.807354922057604,org,0,0
200,18,0,0,1,0,0,0,3.121928094887362,com,0,0
201,15,0,0,1,0,0,0,2.2359263506290326,com,0,0
202,16,0,0,1,0,0,0,3.0,com,0,0
203,19,0,0,1,0,0,0,3.027169118440619,com,0,0
204,17,0,0,1,0,0,0,2.725480556997868,com,0,0
205,15,0,0,1,0,0,0,2.2359263506290326,com,0,0
206,20,0,0,1,0,0,0,3.0220552088742005,org,0,0
207,19,0,0,1,0,0,0,3.027169118440619,com,0,0
208,16,0,0,1,0,0,0,3.0,com,0,0
209,20,0,0,1,0,0,0,3.0220552088742005,com,0,0
210,20,0,0,1,0,0,0,3.584962500721156,com,0,0
211,18,0,0,1,0,0,0,3.1219280948873624,com,0,0
212,18,0,0,1,0,0,0,3.321928094887362,com,0,0
213,18,0,0,1,0,0,0,2.6464393446710157,com,0,0
214,20,0,0,1,0,0,0,3.4182958340544896,com,0,0
215,21,0,0,1,0,0,0,2.968918563962097,com,0,0
216,16,0,0,1,0,0,0,2.75,com,0,0
217,18,0,0,1,0,0,0,2.9219280948873623,com,0,0
218,21,0,0,1,0,0,0,3.3927474104487847,com,0,0
219,20,0,0,1,0,0,0,3.2516291673878226,com,0,0
220,16,0,0,1,0,0,0,3.0,com,0,0
221,18,0,0,1,0,0,0,2.8464393446710154,com,0,0
222,21,0,0,1,0,0,0,3.0269868333592873,com,0,0
223,18,0,0,1,0,0,0,3.321928094887362,com,0,0
224,19,0,0,1,0,0,0,3.459431618637298,com,0,0
225,19,0,0,1,0,0,0,3.2776134368191165,com,0,0
226,18,0,0,1,0,0,0,2.721928094887362,com,0,0
227,18,0,0,1,0,0,0,2.9219280948873623,com,0,0
228,21,0,0,1,0,0,0,3.3927474104487847,com,0,0
229,17,0,0,1,0,0,0,2.9477027792200903,com,0,0
230,18,0,0,1,0,0,0,3.121928094887362,com,0,0
231,22,0,0,1,0,0,0,3.2359263506290326,com,0,0
232,17,0,0,1,0,0,0,2.725480556997868,co.in,0,0
233,17,0,0,1,0,0,0,3.169925001442312,com,0,0
234,19,0,0,1,0,0,0,3.277613436819116,com,0,0
235,25,0,0,1,0,0,0,3.6901165175936654,com,0,0
236,20,0,0,1,0,0,0,3.084962500721156,org,0,0
237,17,0,0,1,0,0,0,2.6416041678685933,tv,0,0
238,19,0,0,1,0,0,0,3.027169118440619,com,0,0
239,17,0,0,1,0,0,0,2.94770277922009,com,0,0
240,20,0,0,1,0,0,0,3.0220552088742,gov.in,0,0
241,20,0,0,1,0,0,0,3.2516291673878226,com,0,0
242,21,0,0,1,0,0,0,3.334679141051595,org,0,0
243,21,0,0,1,0,0,0,3.238901256602631,com,0,0
244,22,1,0,1,0,0,0,3.121928094887362,com,0,0
245,22,1,0,1,0,0,0,2.7219280948873625,com,0,0
246,21,1,0,1,0,0,0,2.9477027792200903,com,0,0
247,29,1,0,1,0,0,0,3.4548223999466066,com,0,0
248,19,1,0,1,0,0,0,2.2359263506290326,com,0,0
249,23,1,0,1,0,0,0,3.277613436819116,com,0,0
250,25,1,0,1,0,0,0,3.0269868333592873,com,0,0
251,23,1,0,1,0,0,0,3.027169118440619,com,0,0
252,21,1,0,1,0,0,0,2.503258334775646,ac.uk,0,0
253,21,1,0,1,0,0,0,2.725480556997868,com,0,0
254,21,1,0,1,0,0,0,2.9477027792200903,com,0,0
255,19,1,0,1,0,0,0,2.807354922057604,gov,0,0
256,19,1,0,1,0,0,0,2.2359263506290326,com,0,0
257,24,1,0,1,0,0,0,3.418295834054489,edu,0,0
258,20,1,0,1,0,0,0,2.75,com,0,0
259,21,1,0,1,0,0,0,3.169925001442312,com,0,0
260,22,1,0,1,0,0,0,3.321928094887362,com,0,0
261,23,1,0,1,0,0,0,3.027169118440619,com,0,0
262,20,1,0,1,0,0,0,3.0,com,0,0
263,24,1,0,1,0,0,0,3.2516291673878226,com,0,0
264,25,1,0,1,0,0,0,3.238901256602631,com,0,0
265,20,1,0,1,0,0,0,3.0,com,0,0
266,23,1,0,1,0,0,0,3.277613436819116,com,0,0
267,24,1,0,1,0,0,0,3.0220552088742005,com,0,0
268,19,1,0,1,0,0,0,2.807354922057604,gov,0,0
269,24,1,0,1,0,0,0,3.584962500721156,com,0,0
270,22,1,0,1,0,0,0,3.1219280948873624,com,0,0
271,22,1,0,1,0,0,0,3.321928094887362,com,0,0
272,22,1,0,1,0,0,0,3.321928094887362,com,0,0
273,28,1,0,1,0,0,0,3.375,com,0,0
274,22,1,0,1,0,0,0,2.6464393446710157,com,0,0
275,23,1,0,1,0,0,0,2.9139770731827523,edu,0,0
276,24,1,0,1,0,0,0,3.4182958340544896,com,0,0
277,22,1,0,1,0,0,0,3.1219280948873624,com,0,0
278,25,1,0,1,0,0,0,3.0269868333592873,com,0,0
279,18,1,0,1,0,0,0,2.584962500721156,com,0,0
280,20,1,0,1,0,0,0,2.75,com,0,0
281,20,1,0,1,0,0,0,2.75,com,0,0
282,19,1,0,1,0,0,0,2.5216406363433186,com,0,0
283,25,1,0,1,0,0,0,2.968918563962097,com,0,0
284,22,1,0,1,0,0,0,2.4464393446710155,ac.in,0,0
285,20,1,0,1,0,0,0,3.0,com,0,0
286,20,1,0,1,0,0,0,2.75,com,0,0
287,24,1,0,1,0,0,0,2.8553885422075336,gov.in,0,0
288,25,1,0,1,0,0,0,3.3927474104487847,com,0,0
289,21,1,0,1,0,0,0,3.169925001442312,com,0,0
290,29,1,0,1,0,0,0,3.6168746059562227,com,0,0
291,24,1,0,1,0,0,0,3.2516291673878226,com,0,0
292,20,1,0,1,0,0,0,3.0,com,0,0
293,24,1,0,1,0,0,0,2.918295834054489,com,0,0
294,26,1,0,1,0,0,0,3.2359263506290334,com,0,0
295,22,1,0,1,0,0,0,2.8464393446710154,com,0,0
296,25,1,0,1,0,0,0,3.0269868333592873,com,0,0
297,19,1,0,1,0,0,0,2.807354922057604,edu,0,0
298,20,1,0,1,0,0,0,3.0,in,0,0
299,20,1,0,1,0,0,0,2.75,gov,0,0
300,34,1,0,1,0,0,0,3.6635327548042547,com,0,0
301,23,1,0,1,0,0,0,3.459431618637298,com,0,0
302,22,1,0,1,0,0,0,3.1219280948873624,com,0,0
303,23,1,0,1,0,0,0,3.2776134368191165,com,0,0
304,22,1,0,1,0,0,0,2.9219280948873627,com,0,0
305,20,1,0,1,0,0,0,2.75,ac.uk,0,0
306,22,1,0,1,0,0,0,2.9219280948873623,com,0,0
307,27,1,0,1,0,0,0,3.5068905956085183,com,0,0
308,25,1,0,1,0,0,0,3.3927474104487847,edu,0,0
309,21,1,0,1,0,0,0,2.9477027792200903,com,0,0
310,22,1,0,1,0,0,0,3.121928094887362,com,0,0
311,23,1,0,1,0,0,0,3.0957952550009344,com,0,0
312,30,1,0,1,0,0,0,3.0588138903312014,com,0,0
313,23,1,0,1,0,0,0,3.0957952550009344,com,0,0
314,20,1,0,1,0,0,0,2.75,com,0,0
315,23,1,0,1,0,0,0,3.277613436819116,com,0,0
316,29,1,0,1,0,0,0,3.6901165175936654,com,0,0
317,24,1,0,1,0,0,0,3.418295834054489,edu,0,0
318,30,1,0,1,0,0,0,3.3921472236645345,com,0,0
319,22,1,0,1,0,0,0,3.121928094887362,com,0,0
320,21,1,0,1,0,0,0,3.169925001442312,com,0,0
321,27,1,0,1,0,0,0,3.7735572622751845,com,0,0
322,20,1,0,1,0,0,0,2.75,com,0,0
323,27,1,0,1,0,0,0,3.5068905956085192,com,0,0
324,21,1,0,1,0,0,0,2.6416041678685933,tv,0,0
325,23,1,0,1,0,0,0,3.027169118440619,com,0,0
326,20,1,0,1,0,0,0,3.0,com,0,0
327,18,1,0,1,0,0,0,2.584962500721156,org,0,0
328,19,1,0,1,0,0,0,2.807354922057604,gov,0,0
329,20,1,0,1,0,0,0,3.0,com,0,0
330,23,1,0,1,0,0,0,3.0957952550009344,com,0,0
331,26,1,0,1,0,0,0,3.378783493486176,gov,0,0
332,19,1,0,1,0,0,0,2.807354922057604,int,0,0
333,25,1,0,1,0,0,0,3.334679141051595,org,0,0
334,20,1,0,1,0,0,0,2.5,com,0,0
335,20,1,0,1,0,0,0,2.75,edu,0,0
336,23,1,0,1,0,0,0,3.095795255000934,com,0,0
337,19,1,0,1,0,0,0,2.521640636343318,us,0,0
338,17,0,0,1,0,0,0,2.6416041678685933,com,0,0
339,15,0,0,1,0,0,0,2.521640636343318,us,0,0
340,81,2,0,0,0,0,0,3.169925001442312,link,0,0
341,81,2,0,0,0,0,0,3.169925001442312,link,0,0
342,37,1,0,0,0,0,0,2.9477027792200903,io,0,0
343,81,2,0,0,0,0,0,3.169925001442312,link,0,0
344,81,2,0,0,0,0,0,3.169925001442312,link,0,0
345,81,2,0,0,0,0,0,3.169925001442312,link,0,0
346,81,2,0,0,0,0,0,3.169925001442312,link,0,0
347,90,2,0,0,0,0,0,3.169925001442312,link,0,0
348,81,2,0,0,0,0,0,3.169925001442312,link,0,0
349,81,2,0,0,0,0,0,3.169925001442312,link,0,0
350,81,2,0,0,0,0,0,3.169925001442312,link,0,0
351,81,2,0,0,0,0,0,3.169925001442312,link,0,0
352,81,2,0,0,0,0,0,3.169925001442312,link,0,0
353,126,2,0,0,0,0,0,3.169925001442312,link,0,0
354,41,1,0,0,0,0,0,2.9477027792200903,io,0,0
355,81,2,0,0,0,0,0,3.169925001442312,link,0,0
356,91,2,0,0,0,0,0,3.169925001442312,link,0,0
357,40,0,0,0,0,0,0,3.7004397181410926,com,0,0
358,81,2,0,0,0,0,0,3.169925001442312,link,0,0
359,25,0,0,0,0,0,0,3.240223928941852,com,0,0
360,59,0,0,0,0,1,0,3.8365916681089787,com,0,0
361,39,1,0,0,0,0,0,2.9477027792200903,io,0,0
362,48,1,0,0,0,0,0,3.121928094887362,com,0,0
363,34,1,0,0,0,0,0,2.9477027792200903,io,0,0
364,52,1,0,0,0,1,0,2.9477027792200903,io,0,0
365,38,0,0,0,0,0,0,3.4548223999466066,com,0,0
366,32,0,0,0,0,0,0,3.7034651896016464,com,0,0
367,36,1,0,0,0,0,0,3.277613436819116,com,1,0
368,53,0,0,0,0,0,0,3.4528786893420307,com,0,0
369,73,0,0,0,0,0,0,3.825251737288651,com,0,0
370,22,0,0,0,0,1,0,3.6402239289418516,com,0,0
371,23,0,0,0,0,0,0,3.625,com,0,0
372,74,0,0,0,0,1,0,3.373557262275185,com,0,0
373,30,2,0,0,0,1,0,2.584962500721156,com,0,0
374,56,0,0,0,0,0,0,3.797902689682947,com,0,0
375,29,0,0,0,0,0,0,3.8230679822736606,co.uk,0,0
376,36,1,0,0,0,0,0,2.9477027792200903,io,0,0
377,63,1,0,0,0,5,0,3.8962915290459286,co.uk,0,0
378,62,1,0,0,0,5,0,3.8962915290459286,co.uk,0,0
379,75,0,0,0,0,0,0,3.5068905956085183,com.br,1,0
380,19,0,0,0,0,0,0,3.084962500721156,in,0,0
381,23,0,0,0,0,0,0,3.577819531114783,com,0,0
382,41,1,0,0,0,1,0,3.277613436819116,com,0,0
383,30,0,0,0,0,0,0,3.882045108136863,com,0,0
384,25,1,0,0,0,0,0,2.9219280948873623,app,0,0
385,87,0,0,0,0,4,0,3.4992275471326932,me,0,0
386,63,1,0,0,0,0,0,3.640223928941852,com,0,0
387,22,1,0,0,0,0,0,2.584962500721156,com,0,0
388,46,1,0,0,0,0,0,2.9477027792200903,io,0,0
389,33,1,0,0,0,0,0,2.9477027792200903,io,0,0
390,63,0,0,0,0,0,0,3.567040216926579,com.ar,1,0
391,38,1,0,0,0,5,0,2.9219280948873623,io,0,0
392,33,1,0,0,0,3,0,2.9219280948873623,io,0,0
393,31,1,0,0,0,3,0,2.9219280948873623,io,0,0
394,39,1,0,0,0,6,0,2.9219280948873623,io,0,0
395,24,0,0,0,0,0,0,3.337175341123077,com,0,0
396,66,1,0,0,0,5,0,2.9219280948873623,app,0,0
397,37,1,0,0,0,0,0,2.9477027792200903,io,0,0
398,38,1,0,0,0,1,0,2.9477027792200903,io,0,0
399,71,0,0,0,0,0,0,3.0849625007211556,org.ua,0,0
400,39,1,0,0,0,1,0,3.277613436819116,com,0,0
401,75,0,0,0,0,0,0,2.9232314287976204,com,0,0
402,56,1,0,0,0,1,0,2.584962500721156,de,0,0
403,77,1,0,0,0,1,0,2.584962500721156,de,1,0
404,29,1,0,0,0,0,0,3.2776134368191165,org,0,0
405,18,0,0,0,0,0,0,2.845350936622437,net,0,0
406,22,0,0,0,0,0,0,3.189898095464288,com,0,0
407,24,1,0,0,0,0,0,2.521640636343318,ru,0,0
408,42,1,0,0,0,1,0,2.9477027792200903,io,0,0
409,18,0,0,0,0,0,0,2.9139770731827523,com,0,0
410,17,0,0,0,0,0,0,3.121928094887362,com,0,0
411,116,0,0,0,0,3,0,3.958229168669879,co.za,0,0
412,108,1,0,0,0,3,0,3.8063822994065504,com,0,0
413,108,1,0,0,0,3,0,3.8063822994065504,com,0,0
414,108,1,0,0,0,3,0,3.8063822994065504,com,0,0
415,38,1,0,0,0,0,0,2.9477027792200903,io,0,0
416,24,1,0,0,0,0,0,3.1808329872054415,com,0,0
417,22,0,0,0,0,0,0,3.506890595608519,com,0,0
418,22,0,0,0,0,0,0,3.506890595608519,com,0,0
419,22,0,0,0,0,0,0,3.506890595608519,com,0,0
420,36,1,0,0,0,2,0,3.277613436819116,com,0,0
421,80,0,0,0,1,0,0,3.642371448743902,net,1,0
422,23,0,0,0,0,0,0,3.577819531114783,com,0,0
423,25,0,0,0,0,1,0,2.725480556997868,in,0,0
424,19,0,0,0,0,1,0,2.8553885422075336,de,0,0
425,19,0,0,0,0,0,0,2.807354922057604,to,0,0
426,18,0,0,0,0,0,0,2.8453509366224368,de,0,0
427,51,1,0,0,0,3,0,2.9477027792200903,io,0,0
428,56,0,0,0,0,0,1,3.238901256602631,com,1,0
429,55,1,0,0,0,4,0,3.085055102756477,com,0,0
430,36,1,0,0,0,0,0,2.9477027792200903,io,0,0
431,44,1,0,0,0,1,0,2.9477027792200903,io,0,0
432,51,0,0,0,0,0,0,3.321928094887362,ru,0,0
433,24,0,0,0,0,0,0,3.6168746059562227,ca,0,0
434,33,1,0,0,0,1,0,3.4677201004745006,com,0,0
435,39,1,0,0,0,2,0,2.584962500721156,com,0,0
436,18,0,0,0,0,0,0,3.095795255000934,com,0,0
437,33,1,0,0,0,1,0,3.4677201004745006,com,0,0
438,48,1,0,0,0,3,0,2.9219280948873623,io,0,0
439,26,1,0,0,0,0,0,2.94770277922009,se,0,0
440,26,0,0,0,0,0,0,3.7871439606981383,com,0,0
441,32,1,0,0,0,1,0,2.9477027792200903,io,0,0
442,85,0,0,0,0,0,0,3.6901165175936654,com,0,0
443,17,0,0,0,0,0,0,3.121928094887362,com,0,0
444,24,0,0,0,0,0,0,3.039148671903071,hu,0,0
445,41,1,0,0,0,1,0,2.9477027792200903,io,0,0
446,48,0,0,0,0,0,0,3.6402239289418516,com,0,0
447,41,1,0,0,0,1,0,3.277613436819116,com,0,0
448,40,1,0,0,0,1,0,3.277613436819116,com,0,0
449,44,1,0,0,0,1,0,2.9477027792200903,io,0,0
450,79,0,0,0,0,0,0,3.625,com,1,0
451,31,0,0,0,0,0,0,3.740601562950723,com,0,0
452,45,0,0,0,0,1,0,3.6168746059562227,net,1,0
453,18,0,0,0,0,0,0,3.095795255000934,com,0,0
454,22,0,0,0,0,0,0,3.4565647621309536,com,0,0
455,21,0,0,0,0,0,0,2.521640636343318,now,0,0
456,46,0,0,0,0,1,0,3.7336606896881857,ro,0,0
457,37,1,0,0,0,2,0,3.3735572622751855,com,0,0
458,20,0,0,0,0,0,0,3.085055102756477,app,0,0
459,45,0,0,0,0,0,0,3.788754913993503,com,0,0
460,20,0,0,0,0,0,0,3.7004397181410926,com,0,0
461,21,0,0,0,0,0,0,3.0,cx,0,0
462,18,0,0,0,0,0,0,3.095795255000934,cc,0,0
463,45,1,0,0,0,3,0,2.9477027792200903,io,0,0
464,49,4,0,0,0,0,0,3.6835423624332306,com.br,0,0
465,31,0,0,0,0,0,0,3.4701755214643453,com,0,0
466,79,1,0,0,0,0,0,3.11583409216322,com,0,0
467,53,1,0,0,0,0,0,2.8423709931771084,net,0,0
468,33,0,0,0,0,0,0,3.182005814760214,com,0,0
469,21,0,0,0,0,0,0,3.182005814760214,com,0,0
470,18,0,0,0,0,0,0,3.2776134368191165,com,0,0
471,25,1,0,0,0,0,0,2.6635327548042547,dev,0,0
472,26,1,0,0,0,0,0,2.9477027792200903,hu,0,0
473,17,0,0,0,0,0,0,3.1219280948873624,com,0,0
474,25,1,0,0,0,0,0,2.9477027792200903,io,0,0
475,28,0,0,0,0,0,0,3.2776134368191165,com,0,0
476,17,0,0,0,0,1,0,3.121928094887362,pt,0,0
477,20,1,0,0,0,0,0,2.9139770731827523,top,0,0
478,19,0,0,0,0,0,0,3.0220552088742005,com,0,0
479,39,1,0,0,0,2,0,3.452819531114783,com,0,0
480,35,1,0,0,0,1,0,3.121928094887362,com,0,0
481,46,1,0,0,0,2,0,2.9477027792200903,io,0,0
482,19,0,0,0,0,0,0,3.584962500721156,com,0,0
483,44,1,0,0,0,1,0,3.452819531114783,com,0,0
484,41,1,0,0,0,2,0,3.277613436819116,app,0,0
485,21,0,0,0,0,0,0,3.8073549220576055,com,0,0
486,44,1,0,0,0,1,0,3.452819531114783,com,0,0
487,34,1,0,0,0,1,0,2.6464393446710157,com,0,0
488,33,1,0,0,0,0,0,2.6464393446710157,com,0,0
489,40,1,0,0,0,1,0,3.452819531114783,com,0,0
490,44,1,0,0,0,1,0,3.452819531114783,com,0,0
491,35,0,0,0,0,0,0,3.6644977792004623,com,0,0
492,50,1,0,0,0,0,0,3.277613436819116,app,0,0
493,39,1,0,0,0,1,0,3.452819531114783,com,0,0
494,18,0,0,0,0,0,0,3.459431618637298,com,0,0
495,35,1,0,0,0,1,0,3.452819531114783,com,0,0
496,37,1,0,0,0,0,0,3.452819531114783,com,0,0
497,32,1,0,0,0,1,0,2.9219280948873623,io,0,0
498,37,1,0,0,0,0,0,3.452819531114783,com,0,0
499,29,1,0,0,0,1,0,2.9477027792200903,io,0,0
500,17,0,0,0,0,0,0,3.121928094887362,vip,0,0
501,25,0,0,0,0,1,0,3.8365916681089787,net,0,0
502,97,1,0,0,0,4,0,3.5464393446710156,com,0,0
503,19,0,0,0,0,0,0,3.584962500721156,com,0,0
504,38,1,0,0,0,2,0,2.9219280948873623,io,0,0
505,41,1,0,0,0,3,0,2.9219280948873623,io,0,0
506,44,1,0,0,0,2,0,3.452819531114783,com,0,0
507,29,0,0,0,0,0,0,3.121928094887362,vip,0,0
508,21,1,0,0,0,0,0,3.169925001442312,net,0,0
509,27,1,0,0,0,0,0,3.189898095464288,com.br,0,0
510,18,0,0,0,0,0,0,2.1867043459100244,bet,0,0
511,27,1,0,0,0,0,0,3.121928094887362,com,0,0
512,18,0,0,0,0,0,0,3.277613436819116,com,0,0
513,19,0,0,0,0,1,0,3.2516291673878226,com,0,0
514,27,0,0,0,0,0,0,3.4182958340544896,ma,0,0
515,23,0,0,0,0,0,0,3.202819531114783,com,0,0
516,42,1,0,0,0,2,0,3.625,com,0,0
517,42,0,0,0,0,0,0,3.625,com,0,0
518,16,0,0,0,0,0,0,2.94770277922009,com,0,0
519,35,1,0,0,0,0,0,2.9477027792200903,io,0,0
520,24,1,0,0,0,0,0,3.121928094887362,com,0,0
521,36,1,0,0,0,0,0,2.9477027792200903,io,0,0
522,23,1,0,0,0,1,0,2.94770277922009,cl,0,0
523,30,1,0,0,0,0,0,3.121928094887362,com,0,0
524,59,1,0,0,0,5,0,2.9219280948873623,app,0,0
525,59,1,0,0,0,5,0,2.9219280948873623,app,0,0
526,17,0,0,0,0,0,0,3.321928094887362,com,0,0
527,50,2,0,0,0,3,0,3.471354487013928,de,0,0
528,25,1,0,0,0,0,0,3.121928094887362,com,0,0
529,37,1,0,0,0,1,0,3.384183719779189,com,0,0
530,16,0,0,0,0,1,0,3.169925001442312,com,0,0
531,38,1,0,0,0,0,0,2.9477027792200903,io,0,0
532,26,1,0,0,0,0,0,2.94770277922009,se,0,0
533,40,1,0,0,0,0,0,2.9477027792200903,io,0,0
534,36,1,0,0,0,0,0,3.277613436819116,com,0,0
535,42,1,0,0,0,1,0,2.9477027792200903,io,0,0
536,37,1,0,0,0,0,0,2.9477027792200903,io,0,0
537,55,1,0,0,0,0,0,2.9477027792200903,io,0,0
538,42,1,0,0,0,2,0,2.9477027792200903,io,0,0
539,52,1,0,0,0,3,0,3.277613436819116,com,0,0
540,16,0,0,0,0,0,0,2.94770277922009,ba,0,0
541,42,1,0,0,0,1,0,2.9477027792200903,io,0,0
542,22,0,0,0,0,0,0,3.056564762130954,com,0,0
543,42,0,0,0,0,0,0,3.783465189601646,com,0,0
544,38,1,0,0,0,0,0,3.452819531114783,com,0,0
545,39,1,0,0,0,0,0,3.452819531114783,com,0,0
546,39,1,0,0,0,1,0,2.9477027792200903,io,0,0
547,18,0,0,0,0,0,0,3.095795255000934,ng,0,0
548,98,1,0,0,0,4,0,3.521928094887362,work,0,0
549,38,1,0,0,0,0,0,2.9477027792200903,io,0,0
550,18,0,0,0,0,0,0,2.584962500721156,fi,0,0
551,18,0,0,0,0,0,0,2.584962500721156,fi,0,0
552,42,0,0,0,0,0,0,3.2639334294856344,cat,0,0
553,40,1,0,0,0,0,0,3.188721875540867,com,0,0
554,26,0,0,0,0,0,0,3.11583409216322,com,0,0
555,24,0,0,0,0,0,0,3.1307179879273743,com,0,0
556,39,1,0,0,0,0,0,3.558518613048906,eu,0,0
557,24,1,0,0,0,1,0,3.2516291673878226,com,0,0
558,50,0,0,0,0,0,0,3.095795255000934,com,0,0
559,43,1,0,0,0,1,0,3.8801799226757376,com.br,0,0
560,46,2,0,0,0,4,0,2.521640636343318,app,0,0
561,46,1,0,0,0,1,0,2.9477027792200903,io,0,0
562,63,0,0,0,0,0,0,3.180832987205441,de,0,0
563,49,1,0,0,0,2,0,2.9477027792200903,io,0,0
564,49,0,0,0,0,0,0,3.2776134368191165,ru,0,0
565,26,0,0,0,0,0,0,3.826874881864637,com,0,0
566,46,1,0,0,0,2,0,2.9219280948873623,app,0,0
567,79,0,0,0,0,0,0,2.8464393446710154,lk,0,0
568,37,1,0,0,0,1,0,2.9219280948873623,io,0,0
569,30,1,0,0,0,0,0,2.9477027792200903,io,0,0
570,38,1,0,0,0,2,0,3.0269868333592873,app,0,0
571,46,0,0,0,0,0,0,2.8464393446710154,lk,0,0
572,23,0,0,0,0,1,0,4.0,com,0,0
573,40,1,0,0,0,1,0,2.9477027792200903,io,0,0
574,23,0,0,0,0,0,0,3.452819531114783,com,0,0
575,24,0,0,0,0,0,0,3.6168746059562227,com,0,0
576,51,1,0,0,0,0,0,2.9477027792200903,io,0,0
577,50,1,0,0,0,3,0,2.9477027792200903,io,0,0
578,41,1,0,0,0,1,0,2.9477027792200903,io,0,0
579,45,1,0,0,0,2,0,2.9477027792200903,io,0,0
580,36,1,0,0,0,0,0,2.9477027792200903,io,0,0
581,28,0,0,0,0,1,0,3.4565647621309536,gr,0,0
582,48,0,0,0,0,0,0,3.748994803525096,com.np,0,0
583,20,0,0,0,0,0,0,3.180832987205441,co.za,0,0
584,31,1,0,0,0,1,0,3.4677201004745006,com,0,0
585,31,1,0,0,0,1,0,3.4677201004745006,com,0,0
586,31,1,0,0,0,1,0,3.4677201004745006,com,0,0
587,52,1,0,0,0,3,0,2.9477027792200903,io,0,0
588,31,1,0,0,0,1,0,3.4677201004745006,com,0,0
589,31,1,0,0,0,1,0,3.4677201004745006,com,0,0
590,31,1,0,0,0,1,0,3.4677201004745006,com,0,0
591,31,1,0,0,0,1,0,3.4677201004745006,com,0,0
592,31,1,0,0,0,1,0,3.4677201004745006,com,0,0
593,22,1,0,0,0,0,0,2.807354922057604,mx,0,0
594,31,1,0,0,0,1,0,3.4677201004745006,com,0,0
595,45,1,0,0,0,0,0,3.121928094887362,com,0,0
596,31,1,0,0,0,1,0,3.4677201004745006,com,0,0
597,31,1,0,0,0,1,0,3.4677201004745006,com,0,0
598,31,1,0,0,0,1,0,3.4677201004745006,com,0,0
599,31,1,0,0,0,1,0,3.4677201004745006,com,0,0
600,31,1,0,0,0,1,0,3.4677201004745006,com,0,0
601,31,1,0,0,0,1,0,3.4677201004745006,com,0,0
602,34,1,0,0,0,0,0,2.9477027792200903,io,0,0
603,31,1,0,0,0,1,0,3.4677201004745006,com,0,0
604,31,1,0,0,0,1,0,3.4677201004745006,com,0,0
605,43,1,0,0,0,2,0,3.277613436819116,com,0,0
606,29,1,0,0,0,0,0,3.121928094887362,com,0,0
607,42,1,0,0,0,3,0,3.452819531114783,io,0,0
608,31,1,0,0,0,1,0,3.4677201004745006,com,0,0
609,31,1,0,0,0,1,0,3.4677201004745006,com,0,0
610,31,1,0,0,0,1,0,3.4677201004745006,com,0,0
611,17,0,0,0,0,0,0,3.1219280948873624,com,0,0
612,35,1,0,0,0,0,0,3.121928094887362,com,0,0
613,31,1,0,0,0,1,0,3.4677201004745006,com,0,0
614,28,1,0,0,0,1,0,2.9219280948873623,app,0,0
615,30,1,0,0,0,0,0,3.121928094887362,com,0,0
616,26,1,0,0,0,0,0,3.452819531114783,com,0,0
617,14,0,0,0,0,0,0,2.807354922057604,cn,0,0
618,29,1,0,0,0,0,0,3.121928094887362,com,0,0
619,39,1,0,0,0,1,0,2.9477027792200903,io,0,0
620,24,1,0,0,0,0,0,3.121928094887362,com,0,0
621,29,1,0,0,0,0,0,3.4677201004745006,com,0,0
622,39,1,0,0,0,1,0,3.4677201004745006,com,0,0
623,39,1,0,0,0,1,0,3.4677201004745006,com,0,0
624,39,1,0,0,0,1,0,3.4677201004745006,com,0,0
625,17,0,0,0,0,0,0,3.1219280948873624,com,0,0
626,39,1,0,0,0,1,0,3.4677201004745006,com,0,0
627,40,1,0,0,0,2,0,3.4677201004745006,com,0,0
628,39,1,0,0,0,1,0,3.4677201004745006,com,0,0
629,28,1,0,0,0,0,0,3.121928094887362,com,0,0
630,27,1,0,0,0,0,0,3.121928094887362,com,0,0
631,23,1,0,0,0,0,0,3.121928094887362,com,0,0
632,33,1,0,0,0,0,0,3.121928094887362,com,0,0
633,44,1,0,0,0,2,0,2.9477027792200903,io,0,0
634,35,1,0,0,0,2,0,3.0957952550009344,site,0,0
635,26,1,0,0,0,0,0,3.121928094887362,com,0,0
636,30,1,0,0,0,0,0,3.121928094887362,com,0,0
637,50,0,0,0,0,1,0,3.506890595608519,com,0,0
638,65,0,0,0,1,0,0,3.4472624994412104,com,1,1
639,55,0,0,0,1,0,0,3.4472624994412104,com,1,1
640,34,1,0,0,0,1,0,3.0957952550009344,site,0,0
641,44,1,0,0,0,1,0,2.9219280948873623,app,0,0
642,36,0,0,0,0,0,0,3.609496334425697,com,0,0
643,35,1,0,0,0,1,0,3.1219280948873624,site,0,0
644,31,0,0,0,0,2,0,3.8035088547976788,com,0,0
645,39,1,0,0,0,2,0,2.9477027792200903,io,0,0
646,17,0,0,0,0,0,0,3.321928094887362,com,0,0
647,24,1,0,0,0,0,0,3.277613436819116,ws,0,0
648,54,1,0,0,0,0,0,3.277613436819116,ws,0,0
649,58,0,0,0,0,1,0,3.2359263506290334,com,0,0
650,41,1,0,0,0,2,0,2.9477027792200903,io,0,0
651,35,1,0,0,0,2,0,3.121928094887362,com,0,0
652,42,1,0,0,0,0,0,3.452819531114783,com,0,0
653,38,1,0,0,0,3,0,3.0957952550009344,site,0,0
654,24,1,0,0,0,0,0,3.3735572622751855,cc,0,0
655,25,1,0,0,0,0,0,2.6635327548042547,dev,0,0
656,36,1,0,0,0,0,0,3.452819531114783,com,0,0
657,21,1,0,0,0,0,0,2.584962500721156,ru,0,0
658,21,1,0,0,0,0,0,2.584962500721156,ru,0,0
659,21,1,0,0,0,0,0,2.584962500721156,ru,0,0
660,101,2,0,0,0,0,0,3.2359263506290334,com,0,0
661,21,1,0,0,0,0,0,2.584962500721156,ru,0,0
662,65,1,0,0,0,2,0,3.169925001442312,me,0,0
663,28,1,0,0,0,0,0,2.9219280948873623,io,0,0
664,15,0,0,0,0,0,0,2.75,dev,0,0
665,76,0,0,0,0,0,0,3.4613201402110083,com,0,0
666,50,0,0,0,0,0,0,3.4613201402110083,com,0,0
667,50,0,0,0,0,4,0,3.8558976050432503,com,0,0
668,25,0,0,0,0,0,0,3.7254805569978675,com.br,0,0
669,37,1,0,0,0,1,0,3.277613436819116,com,0,0
670,24,0,0,0,0,0,0,3.6168746059562227,com,0,0
671,42,0,0,0,0,1,0,3.3735572622751855,com,0,0
672,39,1,0,0,0,0,0,2.9477027792200903,io,0,0
673,27,0,0,0,0,0,0,3.2464393446710154,com,0,0
674,30,1,0,0,0,0,0,3.4677201004745006,com,0,0
675,26,0,0,0,0,0,0,3.431623565847431,com,0,0
676,42,0,0,0,0,0,0,3.5160276412662297,es,0,0
677,32,1,0,0,0,0,0,2.9219280948873623,io,0,0
678,21,0,0,0,0,0,0,3.182005814760214,com,0,0
679,19,1,0,0,0,0,0,2.584962500721156,ru,0,0
680,38,1,0,0,0,2,0,3.277613436819116,app,0,0
681,23,0,0,0,0,0,0,3.327819531114783,com,0,0
682,40,1,0,0,0,0,0,3.452819531114783,com,0,0
683,29,1,0,0,0,1,0,3.277613436819116,app,0,0
684,39,0,0,0,0,0,0,2.94770277922009,fr,1,0
685,26,0,0,0,0,0,0,3.5110854081804272,com,0,0
686,42,1,0,0,0,2,0,2.9477027792200903,io,0,0
687,48,1,0,0,0,1,0,3.0220552088742,io,0,0
688,54,1,0,0,0,0,0,3.506890595608518,com,0,0
689,28,1,0,0,0,0,0,2.9219280948873623,app,0,0
690,39,0,0,0,0,0,0,3.484183719779189,com,0,0
691,29,0,0,0,0,0,0,3.323231428797621,com,0,0
692,114,2,0,0,0,5,0,3.625,com,1,0
693,150,2,0,0,0,5,0,3.625,com,1,0
694,62,2,0,0,0,4,0,3.625,com,0,0
695,91,2,0,0,0,5,0,3.625,com,0,0
696,110,2,0,0,0,6,0,3.625,com,1,0
697,143,2,0,0,0,7,0,3.625,com,3,0
698,118,2,0,0,0,5,0,3.625,com,2,0
699,81,2,0,0,0,5,0,3.625,com,0,0
700,90,2,0,0,0,4,0,3.625,com,1,0
701,78,2,0,0,0,4,0,3.625,com,0,0
702,128,2,0,0,0,6,0,3.625,com,3,0
703,78,2,0,0,0,4,0,3.625,com,0,0
704,46,1,0,0,0,0,0,3.452819531114783,com,0,0
705,18,0,0,0,0,0,0,3.095795255000934,com,0,0
706,39,1,0,0,0,3,0,2.9219280948873623,io,0,0
707,40,1,0,0,0,6,0,2.9219280948873623,io,0,0
708,42,1,0,0,0,6,0,2.9219280948873623,io,0,0
709,49,0,0,0,0,0,0,2.725480556997868,com,0,0
710,17,0,0,0,0,0,0,2.321928094887362,do,0,0
711,17,0,0,0,0,0,0,3.1219280948873624,pw,0,0
712,38,1,0,0,0,0,0,3.452819531114783,com,0,0
713,31,1,0,0,0,0,0,2.9477027792200903,io,0,0
714,43,1,0,0,0,0,0,2.9477027792200903,io,0,0
715,52,0,0,0,0,0,0,3.327819531114783,com,0,0
716,52,0,0,0,0,0,0,3.260828171224455,com,0,0
717,59,0,0,0,0,2,0,3.2359263506290326,cl,0,0
718,26,0,0,0,0,0,0,3.3660913291191923,com.br,0,0
719,23,1,0,0,0,0,0,2.584962500721156,ru,0,0
720,66,0,0,0,0,0,0,3.783465189601646,com.br,0,0
721,100,0,0,0,0,0,0,2.7219280948873625,org.ve,0,0
722,139,0,0,0,0,0,0,2.7219280948873625,org.ve,2,0
723,65,0,0,0,0,2,0,3.5,com.hk,0,0
724,36,1,0,0,0,0,0,3.188721875540867,com,1,0
725,60,1,0,0,0,4,0,3.2516291673878226,com,0,0
726,30,1,0,0,0,0,0,3.095795255000934,tw,0,0
727,50,1,0,0,0,0,0,2.9477027792200903,io,0,0
728,114,0,0,0,0,0,0,3.5724312513221195,eu,2,0
729,86,0,0,0,0,0,0,3.521928094887362,co.za,0,0
730,48,1,0,0,0,1,0,2.9477027792200903,io,0,0
731,65,2,0,0,0,0,0,3.169925001442312,net,0,0
732,36,1,0,0,0,1,0,3.277613436819116,com,0,0
733,42,1,0,0,0,0,0,2.9477027792200903,io,0,0
734,42,1,0,0,0,0,0,3.121928094887362,com,0,0
735,36,1,0,0,0,0,0,2.9477027792200903,io,0,0
736,41,1,0,0,0,1,0,2.9477027792200903,io,0,0
737,42,1,0,0,0,0,0,2.9477027792200903,io,0,0
738,40,1,0,0,0,1,0,2.9477027792200903,io,0,0
739,42,1,0,0,0,0,0,3.452819531114783,com,0,0
740,33,1,0,0,0,0,0,2.9477027792200903,io,0,0
741,24,0,0,0,0,0,0,3.0574760762899316,com,0,0
742,26,1,0,0,0,1,0,2.75,sh,0,0
743,24,1,0,0,0,0,0,3.084962500721156,me,0,0
744,48,1,0,0,0,0,0,2.9477027792200903,io,0,0
745,44,1,0,0,0,3,0,3.085055102756477,net,0,0
746,40,1,0,0,0,2,0,3.169925001442312,me,0,0
747,29,0,0,0,0,0,0,3.3232314287976212,com,0,0
748,67,0,0,0,0,0,0,3.1219280948873624,pro,0,0
749,49,0,0,0,0,0,0,3.1219280948873624,pro,0,0
750,19,0,0,0,0,0,0,3.2516291673878226,com,0,0
751,31,1,0,0,0,0,0,2.9477027792200903,io,0,0
752,20,1,0,0,0,0,0,2.584962500721156,ru,0,0
753,42,1,0,0,0,1,0,2.9477027792200903,io,0,0
754,46,1,0,0,0,1,0,2.9477027792200903,io,0,0
755,41,1,0,0,0,1,0,2.9477027792200903,io,0,0
756,36,1,0,0,0,1,0,2.9477027792200903,io,0,0
757,21,0,0,0,0,0,0,3.1820058147602133,com,0,0
758,32,0,0,0,0,0,0,3.1820058147602133,com,0,0
759,43,0,0,0,0,0,0,2.9219280948873623,org,0,0
760,36,0,0,0,1,0,0,2.9219280948873623,com,0,0
761,106,0,0,0,0,1,0,3.028639311838575,com,2,0
762,77,0,0,0,0,1,0,3.028639311838575,com,0,0
763,39,1,0,0,0,0,0,3.452819531114783,com,0,0
764,41,1,0,0,0,0,0,3.452819531114783,com,0,0
765,33,0,0,0,0,0,0,3.056564762130954,com,0,0
766,41,1,0,0,0,0,0,3.121928094887362,com,0,0
767,54,0,0,0,0,0,0,3.556656707462823,com.br,0,0
768,22,0,0,0,0,0,0,2.521640636343318,me,0,0
769,46,1,0,0,0,1,0,3.5068905956085183,com,0,0
770,21,1,0,0,0,0,0,2.75,ro,0,0
771,19,0,0,0,0,0,0,3.0220552088742005,com,0,0
772,36,1,0,0,0,1,0,3.5068905956085183,com.pe,0,0
773,34,1,0,0,0,1,0,3.2776134368191165,org,0,0
774,21,0,0,0,0,0,0,3.182005814760214,com,0,0
775,46,0,0,0,0,2,0,3.5068905956085183,com,0,0
776,45,1,0,0,0,1,0,2.9477027792200903,io,0,0
777,52,1,0,0,0,0,0,2.9477027792200903,io,0,0
778,24,0,0,0,0,0,0,3.381580488309164,com,0,0
779,26,0,0,0,0,0,0,3.25,com.ua,0,0
780,38,1,0,0,0,0,0,3.1219280948873624,com,0,0
781,27,0,0,0,0,0,0,3.334679141051595,de,0,0
782,33,1,0,0,0,2,0,2.9139770731827523,org,0,0
783,51,1,0,0,0,0,0,3.321928094887362,com,0,0
784,47,1,0,0,0,1,0,2.9477027792200903,io,0,0
785,43,1,0,0,0,1,0,3.277613436819116,com,0,0
786,58,1,0,0,0,5,0,2.9477027792200903,io,0,0
787,47,1,0,0,0,2,0,3.277613436819116,app,0,0
788,26,0,0,0,0,1,0,3.6818808028034025,com,0,0
789,34,1,0,0,0,2,0,2.9219280948873623,app,0,0
790,42,1,0,0,0,2,0,2.9219280948873623,app,0,0
791,38,1,0,0,0,0,0,3.2359263506290334,dev,0,0
792,24,1,0,0,0,0,0,2.9219280948873623,app,0,0
793,40,1,0,0,0,3,0,2.9219280948873623,app,0,0
794,38,0,0,0,0,1,0,3.418295834054489,ws,0,0
795,36,1,0,0,0,2,0,2.9219280948873623,app,0,0
796,42,1,0,0,0,3,0,3.277613436819116,app,0,0
797,22,1,0,0,0,0,0,3.169925001442312,cx,0,0
798,67,2,0,0,0,3,0,2.94770277922009,net,1,0
799,38,1,0,0,0,1,0,3.2195282822995477,com,0,0
800,79,0,0,0,1,0,0,3.8400182662886326,com.br,1,0
801,44,0,0,0,0,0,0,3.8400182662886326,com.br,0,0
802,19,0,0,0,0,0,0,2.6887218755408666,it,0,0
803,21,1,0,0,0,0,0,3.2776134368191165,com,0,0
804,21,1,0,0,0,0,0,3.2776134368191165,com,0,0
805,38,1,0,0,0,0,0,3.452819531114783,com,0,0
806,17,0,0,0,0,0,0,2.8464393446710154,com,0,0
807,23,1,0,0,0,0,0,3.3927474104487847,com,0,0
808,33,1,0,0,0,0,0,3.169925001442312,net,0,0
809,36,1,0,0,0,0,0,3.2516291673878226,com,0,0
810,23,1,0,0,0,0,0,3.5465935642949384,com,0,0
811,49,1,0,0,0,3,0,2.9477027792200903,io,0,0
812,37,0,0,0,0,1,0,3.095795255000934,ws,0,0
813,29,1,0,0,0,0,0,2.9219280948873623,io,0,0
814,43,1,0,0,0,2,0,3.2776134368191165,org,0,0
815,42,1,0,0,0,2,0,3.2776134368191165,org,0,0
816,20,0,0,0,0,0,0,3.3927474104487847,net,0,0
817,25,1,0,0,0,0,0,2.9477027792200903,io,0,0
818,45,1,0,0,0,2,0,2.9477027792200903,io,0,0
819,37,1,0,0,0,0,0,2.9477027792200903,io,0,0
820,47,1,0,0,0,1,0,2.9477027792200903,io,0,0
821,35,1,0,0,0,2,0,2.9477027792200903,io,0,0
822,48,1,0,0,0,2,0,2.9477027792200903,io,0,0
823,45,1,0,0,0,3,0,2.9477027792200903,io,0,0
824,41,1,0,0,0,0,0,3.452819531114783,com,0,0
825,43,1,0,0,0,0,0,3.452819531114783,com,0,0
826,54,1,0,0,0,0,0,3.452819531114783,com,0,0
827,43,1,0,0,0,1,0,3.452819531114783,com,0,0
828,33,1,0,0,0,1,0,2.9219280948873623,app,0,0
829,34,1,0,0,0,0,0,2.9219280948873623,io,0,0
830,48,1,0,0,0,0,0,3.452819531114783,com,0,0
831,29,0,0,0,0,1,0,3.8230679822736606,org.cn,0,0
832,40,1,0,0,0,0,0,3.452819531114783,com,0,0
833,41,1,0,0,0,0,0,3.452819531114783,com,0,0
834,33,1,0,0,0,0,0,3.277613436819116,app,0,0
835,38,1,0,0,0,2,0,2.9219280948873623,io,0,0
836,19,1,0,0,0,0,0,2.584962500721156,ru,0,0
837,94,0,0,0,0,1,0,2.6464393446710157,com,0,0
838,44,0,0,0,0,0,0,3.277613436819116,cf,0,0
839,32,0,0,0,0,0,0,3.09306920777189,tec.br,0,0
840,30,0,0,0,0,0,0,3.5555331514269954,com,0,0
841,42,1,0,0,0,0,0,3.669275070710713,com,0,0
842,44,0,0,0,0,0,0,3.826874881864637,xyz,1,0
843,73,2,0,0,0,0,0,3.0220552088742,fr,1,0
844,30,2,0,0,0,0,0,3.0220552088742,fr,0,0
845,40,2,0,0,0,0,0,3.0220552088742,fr,0,0
846,29,1,0,0,0,0,0,3.0,io,0,0
847,39,1,0,0,0,0,0,2.9477027792200903,io,0,0
848,37,1,0,0,0,2,0,2.9219280948873623,io,0,0
849,34,1,0,0,0,2,0,2.9219280948873623,io,0,0
850,57,0,0,0,0,1,0,3.7198523585646037,org,0,0
851,48,1,0,0,0,0,0,2.9477027792200903,io,0,0
852,37,1,0,0,0,0,0,2.9477027792200903,io,0,0
853,28,0,0,0,0,0,0,3.189898095464287,ca,0,0
854,36,1,0,0,0,2,0,3.2776134368191165,org,0,0
855,28,1,0,0,0,0,0,3.121928094887362,com,0,0
856,68,0,0,0,0,1,0,3.7080481500712317,com,0,0
857,32,1,0,0,0,1,0,2.9139770731827523,com,0,0
858,29,1,0,0,0,0,0,2.584962500721156,com,0,0
859,23,0,0,0,0,0,0,2.8993974703476995,com,0,0
860,57,0,0,0,0,1,0,3.851823225551766,com,0,0
861,54,0,0,0,0,0,0,2.9852281360342507,com,0,0
862,102,0,0,0,0,6,0,3.8980685120588383,mx,0,0
863,34,0,0,0,0,0,0,3.5599000019230833,com,0,0
864,37,0,0,0,0,0,0,3.60623892865339,com,0,0
865,32,1,0,0,0,2,0,2.9477027792200903,io,0,0
866,25,0,0,0,0,0,0,3.392747410448785,com,0,0
867,70,3,0,0,0,0,0,2.321928094887362,com,0,0
868,68,3,0,0,0,0,0,2.321928094887362,com,0,0
869,74,3,0,0,0,0,0,2.321928094887362,com,0,0
870,92,3,0,0,0,0,0,2.321928094887362,com,0,0
871,69,3,0,0,0,0,0,2.321928094887362,com,0,0
872,39,0,0,0,0,0,0,3.5068905956085192,com,0,0
873,18,0,0,0,0,0,0,3.095795255000934,com,0,0
874,26,0,0,0,0,0,0,3.3927474104487847,ro,0,0
875,100,1,0,0,0,5,0,3.4613201402110083,net,0,0
876,94,1,0,0,0,4,0,3.095795255000934,it,0,0
877,21,0,0,0,0,0,0,3.378783493486176,shop,0,0
878,29,0,0,0,0,0,0,3.7887549139935026,com,0,0
879,58,1,0,0,0,3,0,2.9477027792200903,io,0,0
880,50,1,0,0,0,2,0,2.9477027792200903,io,0,0
881,37,1,0,0,0,0,0,2.75,com,0,0
882,33,0,0,0,0,0,0,3.3735572622751855,co.za,0,0
883,43,1,0,0,0,2,0,3.277613436819116,com,0,0
884,44,1,0,0,0,0,0,2.94770277922009,dev,0,0
885,31,1,0,0,0,0,0,3.2639334294856344,com,0,0
886,39,1,0,0,0,1,0,2.9477027792200903,io,0,0
887,32,0,0,0,0,0,0,3.2516291673878226,com,0,0
888,36,1,0,0,0,0,0,3.452819531114783,com,0,0
889,44,1,0,0,0,0,0,3.452819531114783,com,0,0
890,32,1,0,0,0,0,0,2.9219280948873623,io,0,0
891,34,1,0,0,0,0,0,2.9219280948873623,io,0,0
892,21,1,0,0,0,0,0,3.121928094887362,com,0,0
893,42,1,0,0,0,2,0,3.277613436819116,app,0,0
894,44,1,0,0,0,1,0,3.392747410448785,com,0,0
895,28,1,0,0,0,0,0,3.121928094887362,com,0,0
896,33,1,0,0,0,0,0,3.4677201004745006,com,0,0
897,38,1,0,0,0,1,0,3.4677201004745006,com,0,0
898,31,1,0,0,0,0,0,3.0269868333592873,app,0,0
899,46,1,0,0,0,4,0,3.4677201004745006,com,0,0
900,93,0,0,0,0,4,0,3.5585186130489057,com,0,0
901,35,1,0,0,0,0,0,3.121928094887362,com,0,0
902,36,1,0,0,0,0,0,3.121928094887362,com,0,0
903,26,0,0,0,0,0,0,3.471354487013929,com,0,0
904,32,1,0,0,0,0,0,2.9219280948873623,io,0,0
905,31,1,0,0,0,0,0,2.9219280948873623,io,0,0
906,31,1,0,0,0,0,0,3.188721875540867,com,0,0
907,24,1,0,0,0,0,0,3.640223928941852,cc,0,0
908,29,1,0,0,0,0,0,3.121928094887362,com,0,0
909,26,0,0,0,0,0,0,3.0708470936225183,online,0,0
910,39,0,0,0,0,0,0,3.3248629576173574,net,0,0
911,25,1,0,0,0,0,0,2.6635327548042547,dev,0,0
912,42,1,0,0,0,0,0,3.452819531114783,com,0,0
913,35,1,0,0,0,0,0,2.9477027792200903,io,0,0
914,56,0,0,0,0,1,0,3.095795255000934,pl,0,0
915,36,1,0,0,0,0,0,3.378783493486176,net,0,0
916,65,1,0,0,0,0,0,3.378783493486176,net,0,0
917,36,1,0,0,0,0,0,3.378783493486176,net,0,0
918,36,1,0,0,0,0,0,3.452819531114783,com,0,0
919,35,1,0,0,0,0,0,3.378783493486176,net,0,0
920,56,1,0,0,0,3,0,2.9477027792200903,io,0,0
921,36,0,0,0,0,0,0,3.459431618637298,com,0,0
922,32,0,0,0,0,0,0,3.459431618637298,com,0,0
923,32,0,0,0,0,0,0,3.459431618637298,com,0,0
924,23,0,0,0,0,0,0,3.459431618637298,com,0,0
925,62,0,0,0,0,2,0,3.5841837197791886,com.br,0,0
926,57,0,0,0,0,1,0,3.5841837197791886,com.br,0,0
927,40,1,0,0,0,0,0,3.277613436819116,com,0,0
928,79,2,0,0,0,6,0,3.0957952550009344,dev,0,0
929,49,1,0,0,0,1,0,2.9477027792200903,io,0,0
930,49,1,0,0,0,1,0,2.9477027792200903,io,0,0
931,24,1,0,0,0,0,0,2.9477027792200903,io,0,0
932,41,1,0,0,0,3,0,2.9477027792200903,io,0,0
933,42,1,0,0,0,2,0,3.277613436819116,app,0,0
934,44,1,0,0,0,2,0,2.9477027792200903,io,0,0
935,46,1,0,0,0,2,0,2.9477027792200903,io,0,0
936,41,1,0,0,0,1,0,3.277613436819116,com,0,0
937,44,1,0,0,0,0,0,2.9477027792200903,io,0,0
938,33,0,0,0,0,0,0,3.767183467891461,com,0,0
939,54,1,0,0,0,1,0,3.3815804883091634,net,0,0
940,30,1,0,0,0,0,0,2.9477027792200903,io,0,0
941,70,1,0,0,0,7,0,2.9219280948873623,app,0,0
942,70,1,0,0,0,7,0,2.9219280948873623,app,0,0
943,40,1,0,0,0,0,0,2.9477027792200903,io,0,0
944,40,1,0,0,0,1,0,2.9477027792200903,io,0,0
945,59,1,0,0,0,2,0,2.9477027792200903,io,0,0
946,29,1,0,0,0,0,0,2.9477027792200903,io,0,0
947,40,1,0,0,0,2,0,3.6168746059562227,shop,0,0
948,37,1,0,0,0,0,0,2.9477027792200903,io,0,0
949,48,0,0,0,0,1,0,3.663532754804254,web.id,0,0
950,38,1,0,0,0,3,0,2.9182958340544896,com,0,0
951,32,1,0,0,0,0,0,3.121928094887362,com,0,0
952,44,1,0,0,0,0,0,2.9477027792200903,io,0,0
953,40,1,0,0,0,2,0,3.277613436819116,app,0,0
954,42,1,0,0,0,0,0,2.9477027792200903,io,0,0
955,41,1,0,0,0,1,0,3.277613436819116,com,0,0
956,24,1,0,0,0,0,0,2.9219280948873623,app,0,0
957,29,1,0,0,0,1,0,2.9477027792200903,io,0,0
958,18,0,0,0,0,0,0,3.459431618637298,com,0,0
959,42,1,0,0,0,2,0,3.277613436819116,com,0,0
960,31,1,0,0,0,0,0,3.095795255000934,tw,0,0
961,27,1,0,0,0,0,0,3.095795255000934,tw,0,0
962,38,1,0,0,0,2,0,3.277613436819116,com,0,0
963,34,1,0,0,0,1,0,3.277613436819116,com,0,0
964,21,1,0,0,0,0,0,3.277613436819116,com,0,0
965,66,1,0,0,0,4,0,3.277613436819116,com,0,0
966,25,1,0,0,0,0,0,3.121928094887362,com,0,0
967,25,0,0,0,0,0,0,2.5216406363433186,me,0,0
968,25,2,0,0,0,0,0,2.584962500721156,com,0,0
969,45,1,0,0,0,1,0,2.9477027792200903,io,0,0
970,27,1,0,0,0,0,0,2.9477027792200903,io,0,0
971,38,1,0,0,0,1,0,2.9477027792200903,io,0,0
972,41,1,0,0,0,2,0,2.9477027792200903,io,0,0
973,47,1,0,0,0,1,0,2.9477027792200903,io,0,0
974,47,1,0,0,0,1,0,2.9477027792200903,io,0,0
975,43,1,0,0,0,2,0,2.9477027792200903,io,0,0
976,36,1,0,0,0,1,0,2.9477027792200903,io,0,0
977,39,1,0,0,0,0,0,2.9477027792200903,io,0,0
978,47,1,0,0,0,1,0,2.9477027792200903,io,0,0
979,46,1,0,0,0,1,0,2.9477027792200903,io,0,0
980,48,1,0,0,0,0,0,2.9477027792200903,io,0,0
981,35,1,0,0,0,1,0,2.9477027792200903,io,0,0
982,39,1,0,0,0,0,0,2.9477027792200903,io,0,0
983,36,1,0,0,0,0,0,2.9477027792200903,io,0,0
984,28,1,0,0,0,0,0,3.188721875540867,com,0,0
985,49,0,0,0,0,0,0,3.734521664779752,com,0,0
986,99,0,0,0,0,0,0,3.734521664779752,com,0,0
987,54,0,0,0,0,0,0,3.238901256602631,com,1,0
988,34,0,0,0,0,0,0,3.91211389097223,com.tr,0,0
989,60,0,0,0,0,1,0,3.7841837197791888,com,0,0
