url,true_label,predicted_label,phishing_prob_%,prediction,correct,mode,dns_resolved,page_loaded,latency_s
http://dune-wave.pages.dev/,PHISHING,PHISHING,74.99,1,1,Fusion MLP,True,True,4.8
https://135461223.site/1990/27707926089121906-30390110286315/760405/x,PHISHING,PHISHING,76.14,1,1,Fusion MLP,True,True,6.35
https://135461223.site/1990/27707926089121906-30390110286315/760405,PHISHING,PHISHING,75.23,1,1,Fusion MLP,True,True,6.21
https://wetransfer-smoky.vercel.app/#mirensys@f91b7a73195f98d78e426e2bef4f4056457a.net,PHISHING,PHISHING,99.92,1,1,Fusion MLP,True,True,5.9
https://neu.planen.95-179-167-177.cpanel.site/de/update.php,PHISHING,PHISHING,99.98,1,1,Fusion MLP,True,True,11.4
https://site-cpwcg5s76.godaddysites.com/,PHISHING,PHISHING,93.33,1,1,Fusion MLP,True,True,6.11
https://lundraif.vercel.app/,PHISHING,PHISHING,71.5,1,1,Fusion MLP,True,True,4.6
https://www.roblox.com.mu/users/976201056/profile,PHISHING,LEGITIMATE,6.73,0,0,Fusion MLP,True,True,10.39
http://porgu-8y3-87x4-6osm4-29-09-2026-hh.pages.dev/,PHISHING,PHISHING,99.88,1,1,Fusion MLP,True,True,5.36
http://sp1ct10-purvek-biz-nulqo-vemri.pages.dev/,PHISHING,PHISHING,99.51,1,1,Fusion MLP,True,True,5.15
https://zunfuri-mpt-qalveno-r5x7me86.pages.dev/,PHISHING,LEGITIMATE,24.84,0,0,Fusion MLP,True,True,5.77
http://marvani-mpt-qelzuro-p8d3ka67.pages.dev/,PHISHING,PHISHING,99.17,1,1,Fusion MLP,True,True,5.16
http://sp1ct10-hunval-biz-lumzo-kelri.pages.dev/,PHISHING,PHISHING,99.51,1,1,Fusion MLP,True,True,5.29
http://sp1ct10-bemval-biz-qurzo-vemri.pages.dev/,PHISHING,PHISHING,99.51,1,1,Fusion MLP,True,True,5.19
http://meta-kavaki-biz-zuruno-melaro.pages.dev/,PHISHING,PHISHING,94.43,1,1,Fusion MLP,True,True,4.91
https://sp32ct-turek-biz-vamik-zolun.pages.dev/,PHISHING,PHISHING,94.81,1,1,Fusion MLP,True,True,5.19
https://shopee1218.blogspot.com/,PHISHING,PHISHING,99.45,1,1,Fusion MLP,True,True,7.91
https://waren-umschlagzentrum7s.ink/6pWjG1u,PHISHING,PHISHING,97.63,1,1,Fusion MLP,True,True,5.16
http://cpsgift.com/,PHISHING,PHISHING,51.77,1,1,URL-only (fallback),True,False,13.24
http://free-5532335.webadorsite.com/,PHISHING,PHISHING,99.93,1,1,Fusion MLP,True,True,5.66
https://rana-moiz.github.io/AMAZON-CLONE/,PHISHING,PHISHING,95.49,1,1,Fusion MLP,True,True,4.91
https://neno98tpyd-h04d.vercel.app/,PHISHING,LEGITIMATE,19.35,0,0,Fusion MLP,True,True,4.56
https://hjgm25blri-h02i.vercel.app/,PHISHING,LEGITIMATE,17.5,0,0,Fusion MLP,True,True,4.6
https://ooqg00uwfm-h04m.vercel.app/,PHISHING,LEGITIMATE,19.1,0,0,Fusion MLP,True,True,4.51
https://rrel65vczx-h04x.vercel.app/,PHISHING,LEGITIMATE,20.38,0,0,Fusion MLP,True,True,4.54
